,RAM,ROM,Color,Display_Type,Display_Size,Front_Cam,Rear_Cam,Price,Display_Category,price
0,4,64,Blue,HD+,6.5,5.0,50.0,9999.0,"(6.38, 6.8]","(9317.605, 13336.209]"
1,6,128,Black,HD+,6.6,16.0,50.0,13499.0,"(6.38, 6.8]","(13336.209, 17354.814]"
2,8,128,Blue,HD+,6.7,16.0,108.0,25999.0,"(6.38, 6.8]","(25392.023, 29410.628]"
3,8,256,Blue,HD+,6.7,16.0,108.0,27999.0,"(6.38, 6.8]","(25392.023, 29410.628]"
5,4,64,Black,HD+,6.6,8.0,50.0,14999.0,"(6.38, 6.8]","(13336.209, 17354.814]"
6,6,128,Blue,HD+,6.7,16.0,108.0,24999.0,"(6.38, 6.8]","(21373.419, 25392.023]"
9,4,64,Gold,HD+,6.6,8.0,50.0,14999.0,"(6.38, 6.8]","(13336.209, 17354.814]"
13,2,32,Black,HD+,6.5,5.0,8.0,6999.0,"(6.38, 6.8]","(5126.2, 9317.605]"
14,4,64,Blue,HD+,6.6,8.0,50.0,14999.0,"(6.38, 6.8]","(13336.209, 17354.814]"
15,6,128,Black,HD+,6.6,8.0,50.0,16999.0,"(6.38, 6.8]","(13336.209, 17354.814]"
16,2,32,Blue,HD+,6.5,5.0,8.0,6999.0,"(6.38, 6.8]","(5126.2, 9317.605]"
17,6,128,Blue,HD+,6.6,16.0,50.0,13499.0,"(6.38, 6.8]","(13336.209, 17354.814]"
18,4,64,Black,HD+,6.6,16.0,50.0,12639.0,"(6.38, 6.8]","(9317.605, 13336.209]"
19,6,128,Gold,HD+,6.6,8.0,50.0,16999.0,"(6.38, 6.8]","(13336.209, 17354.814]"
20,4,64,Black,HD+,6.6,8.0,50.0,11999.0,"(6.38, 6.8]","(9317.605, 13336.209]"
21,4,64,Blue,HD+,6.5,5.0,8.0,8499.0,"(6.38, 6.8]","(5126.2, 9317.605]"
22,4,128,Black,HD+,6.6,8.0,50.0,12999.0,"(6.38, 6.8]","(9317.605, 13336.209]"
23,6,128,Blue,HD+,6.6,8.0,50.0,16999.0,"(6.38, 6.8]","(13336.209, 17354.814]"
28,2,32,Grey,HD+,6.5,5.0,8.0,7499.0,"(6.38, 6.8]","(5126.2, 9317.605]"
29,2,32,Blue,HD+,6.5,5.0,8.0,7499.0,"(6.38, 6.8]","(5126.2, 9317.605]"
30,6,128,Black,AMOLED,6.62,16.0,64.0,22999.0,"(6.38, 6.8]","(21373.419, 25392.023]"
31,8,256,Black,AMOLED,6.62,16.0,64.0,26999.0,"(6.38, 6.8]","(25392.023, 29410.628]"
32,6,128,Black,HD+,6.6,8.0,50.0,13999.0,"(6.38, 6.8]","(13336.209, 17354.814]"
34,4,64,Green,HD+,6.6,8.0,50.0,11999.0,"(6.38, 6.8]","(9317.605, 13336.209]"
35,8,128,Black,HD+,6.4,16.0,50.0,16999.0,"(6.38, 6.8]","(13336.209, 17354.814]"
36,4,64,Blue,HD+,6.6,8.0,50.0,10772.0,"(6.38, 6.8]","(9317.605, 13336.209]"
37,4,64,Black,HD+,6.6,8.0,50.0,10538.0,"(6.38, 6.8]","(9317.605, 13336.209]"
38,4,64,Grey,HD+,6.5,5.0,8.0,8999.0,"(6.38, 6.8]","(5126.2, 9317.605]"
39,4,64,Blue,HD+,6.5,5.0,8.0,8999.0,"(6.38, 6.8]","(5126.2, 9317.605]"
40,8,128,White,HD+,6.4,16.0,50.0,16999.0,"(6.38, 6.8]","(13336.209, 17354.814]"
41,4,64,White,HD+,6.4,16.0,50.0,13999.0,"(6.38, 6.8]","(13336.209, 17354.814]"
42,4,128,Green,HD+,6.6,8.0,50.0,12999.0,"(6.38, 6.8]","(9317.605, 13336.209]"
43,2,32,Grey,HD+,6.5,5.0,8.0,7499.0,"(6.38, 6.8]","(5126.2, 9317.605]"
44,2,32,Blue,HD+,6.5,5.0,8.0,7499.0,"(6.38, 6.8]","(5126.2, 9317.605]"
46,3,32,Blue,HD+,6.5,5.0,8.0,6299.0,"(6.38, 6.8]","(5126.2, 9317.605]"
47,3,32,Black,HD+,6.5,5.0,8.0,6299.0,"(6.38, 6.8]","(5126.2, 9317.605]"
48,12,256,Black,AMOLED,6.62,16.0,50.0,31999.0,"(6.38, 6.8]","(29410.628, 33429.233]"
50,8,128,Green,AMOLED,6.62,16.0,50.0,27999.0,"(6.38, 6.8]","(25392.023, 29410.628]"
53,4,128,Blue,HD+,6.5,16.0,48.0,16499.0,"(6.38, 6.8]","(13336.209, 17354.814]"
56,4,64,Grey,HD+,6.5,8.0,13.0,10680.0,"(6.38, 6.8]","(9317.605, 13336.209]"
57,4,64,Blue,HD+,6.5,8.0,13.0,10770.0,"(6.38, 6.8]","(9317.605, 13336.209]"
58,4,64,Silver,HD,6.52,5.0,13.0,9999.0,"(6.38, 6.8]","(9317.605, 13336.209]"
60,3,32,Silver,HD,6.52,5.0,13.0,9299.0,"(6.38, 6.8]","(5126.2, 9317.605]"
61,8,256,White,AMOLED,6.62,16.0,64.0,26999.0,"(6.38, 6.8]","(25392.023, 29410.628]"
62,6,128,White,AMOLED,6.62,16.0,64.0,22999.0,"(6.38, 6.8]","(21373.419, 25392.023]"
63,8,256,Yellow,AMOLED,6.62,16.0,64.0,26999.0,"(6.38, 6.8]","(25392.023, 29410.628]"
64,4,128,Black,HD+,6.5,16.0,48.0,16499.0,"(6.38, 6.8]","(13336.209, 17354.814]"
65,4,64,White,HD+,6.5,16.0,48.0,15999.0,"(6.38, 6.8]","(13336.209, 17354.814]"
66,4,64,Blue,HD+,6.5,16.0,48.0,15999.0,"(6.38, 6.8]","(13336.209, 17354.814]"
67,4,64,Black,HD+,6.5,16.0,48.0,15999.0,"(6.38, 6.8]","(13336.209, 17354.814]"
68,3,32,Green,HD,6.52,5.0,13.0,9299.0,"(6.38, 6.8]","(5126.2, 9317.605]"
69,4,128,Grey,HD+,6.5,8.0,13.0,11999.0,"(6.38, 6.8]","(9317.605, 13336.209]"
70,4,128,Blue,HD+,6.6,16.0,50.0,14999.0,"(6.38, 6.8]","(13336.209, 17354.814]"
71,4,64,Black,HD+,6.6,16.0,50.0,13999.0,"(6.38, 6.8]","(13336.209, 17354.814]"
72,4,64,Green,HD,6.52,5.0,13.0,9999.0,"(6.38, 6.8]","(9317.605, 13336.209]"
73,4,64,Blue,HD+,6.5,5.0,13.0,10499.0,"(6.38, 6.8]","(9317.605, 13336.209]"
75,3,32,Blue,HD+,6.5,5.0,13.0,9499.0,"(6.38, 6.8]","(9317.605, 13336.209]"
76,3,32,Black,HD+,6.5,5.0,13.0,9499.0,"(6.38, 6.8]","(9317.605, 13336.209]"
77,4,128,Black,HD+,6.6,16.0,50.0,14999.0,"(6.38, 6.8]","(13336.209, 17354.814]"
78,4,64,Black,HD+,6.5,5.0,13.0,10499.0,"(6.38, 6.8]","(9317.605, 13336.209]"
79,6,128,White,HD+,6.5,16.0,48.0,17499.0,"(6.38, 6.8]","(17354.814, 21373.419]"
80,8,128,Yellow,AMOLED,6.62,16.0,64.0,24999.0,"(6.38, 6.8]","(21373.419, 25392.023]"
81,6,128,Yellow,AMOLED,6.62,16.0,64.0,22999.0,"(6.38, 6.8]","(21373.419, 25392.023]"
82,8,128,White,AMOLED,6.62,16.0,64.0,24999.0,"(6.38, 6.8]","(21373.419, 25392.023]"
83,3,32,Green,HD+,6.5,5.0,8.0,6299.0,"(6.38, 6.8]","(5126.2, 9317.605]"
84,4,64,Blue,HD+,6.6,16.0,50.0,10999.0,"(6.38, 6.8]","(9317.605, 13336.209]"
88,6,128,Green,HD+,6.6,8.0,50.0,15499.0,"(6.38, 6.8]","(13336.209, 17354.814]"
89,4,64,Black,HD+,6.5,16.0,48.0,15499.0,"(6.38, 6.8]","(13336.209, 17354.814]"
91,8,128,Black,HD+,6.5,16.0,48.0,18499.0,"(6.38, 6.8]","(17354.814, 21373.419]"
92,6,128,Blue,HD+,6.6,16.0,50.0,15999.0,"(6.38, 6.8]","(13336.209, 17354.814]"
93,4,64,Blue,HD+,6.6,16.0,50.0,13499.0,"(6.38, 6.8]","(13336.209, 17354.814]"
94,6,128,Black,HD+,6.6,16.0,50.0,15999.0,"(6.38, 6.8]","(13336.209, 17354.814]"
95,4,64,Black,HD+,6.6,16.0,50.0,13499.0,"(6.38, 6.8]","(13336.209, 17354.814]"
96,6,128,Purple,HD+,6.6,16.0,50.0,15999.0,"(6.38, 6.8]","(13336.209, 17354.814]"
97,6,128,Black,HD+,6.6,16.0,50.0,15999.0,"(6.38, 6.8]","(13336.209, 17354.814]"
98,8,128,Black,AMOLED,6.62,16.0,64.0,24999.0,"(6.38, 6.8]","(21373.419, 25392.023]"
100,8,128,Black,AMOLED,6.4,16.0,50.0,26999.0,"(6.38, 6.8]","(25392.023, 29410.628]"
101,6,128,Black,AMOLED,6.4,16.0,50.0,24999.0,"(6.38, 6.8]","(21373.419, 25392.023]"
102,6,128,Blue,HD+,6.5,16.0,48.0,15499.0,"(6.38, 6.8]","(13336.209, 17354.814]"
103,4,64,Black,HD+,6.5,16.0,48.0,15999.0,"(6.38, 6.8]","(13336.209, 17354.814]"
104,4,64,Grey,HD+,6.5,8.0,50.0,10999.0,"(6.38, 6.8]","(9317.605, 13336.209]"
105,8,128,Green,AMOLED,6.4,16.0,50.0,26999.0,"(6.38, 6.8]","(25392.023, 29410.628]"
106,8,256,Black,AMOLED,6.4,16.0,50.0,28999.0,"(6.38, 6.8]","(25392.023, 29410.628]"
107,4,64,Blue,HD+,6.5,16.0,48.0,13499.0,"(6.38, 6.8]","(13336.209, 17354.814]"
108,3,32,Black,HD+,6.5,5.0,13.0,9499.0,"(6.38, 6.8]","(9317.605, 13336.209]"
109,8,128,Silver,HD+,6.5,16.0,48.0,19999.0,"(6.38, 6.8]","(17354.814, 21373.419]"
110,4,128,Blue,HD+,6.5,8.0,50.0,11999.0,"(6.38, 6.8]","(9317.605, 13336.209]"
111,3,32,Blue,HD+,6.5,5.0,13.0,9499.0,"(6.38, 6.8]","(9317.605, 13336.209]"
112,12,256,White,HD+,6.7,16.0,50.0,35999.0,"(6.38, 6.8]","(33429.233, 37447.837]"
113,6,128,Silver,HD+,6.5,16.0,48.0,15499.0,"(6.38, 6.8]","(13336.209, 17354.814]"
114,6,128,Blue,HD+,6.6,16.0,64.0,18999.0,"(6.38, 6.8]","(17354.814, 21373.419]"
116,6,128,Black,HD+,6.6,16.0,64.0,18999.0,"(6.38, 6.8]","(17354.814, 21373.419]"
117,4,64,Black,HD+,6.5,5.0,13.0,10499.0,"(6.38, 6.8]","(9317.605, 13336.209]"
118,8,256,Blue,AMOLED,6.4,16.0,50.0,28999.0,"(6.38, 6.8]","(25392.023, 29410.628]"
119,4,128,Black,HD+,6.4,16.0,64.0,15999.0,"(6.38, 6.8]","(13336.209, 17354.814]"
120,4,64,Blue,HD+,6.5,5.0,13.0,10499.0,"(6.38, 6.8]","(9317.605, 13336.209]"
121,8,256,Green,AMOLED,6.4,16.0,50.0,28999.0,"(6.38, 6.8]","(25392.023, 29410.628]"
122,8,256,White,HD+,6.7,16.0,50.0,31999.0,"(6.38, 6.8]","(29410.628, 33429.233]"
123,8,256,Black,HD+,6.7,16.0,50.0,31999.0,"(6.38, 6.8]","(29410.628, 33429.233]"
125,8,256,Blue,HD+,6.7,16.0,50.0,31999.0,"(6.38, 6.8]","(29410.628, 33429.233]"
127,4,64,Blue,HD+,6.5,8.0,50.0,10999.0,"(6.38, 6.8]","(9317.605, 13336.209]"
130,6,128,Black,HD+,6.4,16.0,64.0,16999.0,"(6.38, 6.8]","(13336.209, 17354.814]"
131,4,128,Grey,HD+,6.5,8.0,50.0,11999.0,"(6.38, 6.8]","(9317.605, 13336.209]"
133,6,64,Orange,HD+,6.6,16.0,64.0,17999.0,"(6.38, 6.8]","(17354.814, 21373.419]"
136,12,256,Black,HD+,6.7,16.0,50.0,35999.0,"(6.38, 6.8]","(33429.233, 37447.837]"
137,8,128,Blue,HD+,6.7,16.0,50.0,29999.0,"(6.38, 6.8]","(29410.628, 33429.233]"
138,4,128,Silver,HD+,6.4,16.0,64.0,15999.0,"(6.38, 6.8]","(13336.209, 17354.814]"
139,8,128,Black,HD+,6.7,16.0,50.0,29999.0,"(6.38, 6.8]","(29410.628, 33429.233]"
140,12,256,Blue,HD+,6.7,16.0,50.0,35999.0,"(6.38, 6.8]","(33429.233, 37447.837]"
141,8,128,Black,HD+,6.4,16.0,64.0,17999.0,"(6.38, 6.8]","(17354.814, 21373.419]"
143,4,64,Grey,HD+,6.5,8.0,50.0,10999.0,"(6.38, 6.8]","(9317.605, 13336.209]"
144,12,256,Black,HD+,6.62,16.0,64.0,35999.0,"(6.38, 6.8]","(33429.233, 37447.837]"
145,8,128,Gold,AMOLED,6.4,16.0,108.0,17999.0,"(6.38, 6.8]","(17354.814, 21373.419]"
146,8,128,Black,AMOLED,6.4,16.0,108.0,17999.0,"(6.38, 6.8]","(17354.814, 21373.419]"
147,6,128,Gold,AMOLED,6.4,16.0,108.0,16999.0,"(6.38, 6.8]","(13336.209, 17354.814]"
148,8,128,Black,HD+,6.43,32.0,64.0,27999.0,"(6.38, 6.8]","(25392.023, 29410.628]"
150,4,64,Blue,HD+,6.52,5.0,12.0,8999.0,"(6.38, 6.8]","(5126.2, 9317.605]"
152,4,64,Black,HD+,6.3,16.0,16.0,13990.0,"(5.96, 6.38]","(13336.209, 17354.814]"
153,8,128,Blue,HD+,6.62,16.0,64.0,31999.0,"(6.38, 6.8]","(29410.628, 33429.233]"
154,3,32,Blue,HD+,6.52,8.0,13.0,11999.0,"(6.38, 6.8]","(9317.605, 13336.209]"
155,3,32,Blue,HD+,6.52,5.0,12.0,7999.0,"(6.38, 6.8]","(5126.2, 9317.605]"
156,12,256,Yellow,HD+,6.43,16.0,64.0,41999.0,"(6.38, 6.8]","(41466.442, 45485.047]"
157,2,32,Black,HD+,6.1,5.0,13.0,7999.0,"(5.96, 6.38]","(5126.2, 9317.605]"
158,2,32,Blue,HD+,6.1,5.0,13.0,7999.0,"(5.96, 6.38]","(5126.2, 9317.605]"
159,8,256,White,HD+,6.43,32.0,64.0,29999.0,"(6.38, 6.8]","(29410.628, 33429.233]"
160,4,64,Blue,HD+,6.5,8.0,50.0,10990.0,"(6.38, 6.8]","(9317.605, 13336.209]"
161,3,32,Blue,HD+,6.52,8.0,13.0,11999.0,"(6.38, 6.8]","(9317.605, 13336.209]"
162,6,64,Blue,HD+,6.5,16.0,64.0,17499.0,"(6.38, 6.8]","(17354.814, 21373.419]"
163,4,64,Black,HD+,6.22,13.0,13.0,10499.0,"(5.96, 6.38]","(9317.605, 13336.209]"
165,3,32,Blue,HD+,6.22,13.0,13.0,8499.0,"(5.96, 6.38]","(5126.2, 9317.605]"
166,3,32,Black,HD+,6.22,13.0,13.0,8499.0,"(5.96, 6.38]","(5126.2, 9317.605]"
167,4,128,Blue,HD+,6.5,8.0,13.0,11890.0,"(6.38, 6.8]","(9317.605, 13336.209]"
168,8,256,White,HD+,6.57,32.0,64.0,30049.0,"(6.38, 6.8]","(29410.628, 33429.233]"
170,3,32,Black,HD+,6.2,8.0,13.0,9990.0,"(5.96, 6.38]","(9317.605, 13336.209]"
171,3,32,Blue,HD+,6.52,5.0,13.0,10999.0,"(6.38, 6.8]","(9317.605, 13336.209]"
172,8,128,Silver,HD+,6.43,16.0,64.0,37999.0,"(6.38, 6.8]","(37447.837, 41466.442]"
173,3,32,Silver,HD+,6.52,8.0,13.0,11999.0,"(6.38, 6.8]","(9317.605, 13336.209]"
175,4,64,Blue,HD+,6.52,8.0,13.0,12999.0,"(6.38, 6.8]","(9317.605, 13336.209]"
176,8,256,Blue,HD+,6.57,32.0,64.0,30049.0,"(6.38, 6.8]","(29410.628, 33429.233]"
177,3,32,Black,HD+,6.1,5.0,13.0,8999.0,"(5.96, 6.38]","(5126.2, 9317.605]"
178,6,64,Blue,HD+,6.3,16.0,16.0,15990.0,"(5.96, 6.38]","(13336.209, 17354.814]"
179,8,128,Black,HD+,6.55,32.0,64.0,29999.0,"(6.38, 6.8]","(29410.628, 33429.233]"
180,8,128,White,HD+,6.57,32.0,64.0,29999.0,"(6.38, 6.8]","(29410.628, 33429.233]"
182,12,256,Black,HD,6.7,32.0,50.0,57999.0,"(6.38, 6.8]","(57540.86, 61559.465]"
183,8,128,White,HD+,6.5,16.0,64.0,19999.0,"(6.38, 6.8]","(17354.814, 21373.419]"
184,8,128,Blue,HD+,6.53,16.0,48.0,20999.0,"(6.38, 6.8]","(17354.814, 21373.419]"
185,4,128,Blue,HD+,6.53,16.0,48.0,17999.0,"(6.38, 6.8]","(17354.814, 21373.419]"
186,8,128,White,HD+,6.53,16.0,48.0,20999.0,"(6.38, 6.8]","(17354.814, 21373.419]"
187,8,128,White,HD+,6.7,16.0,50.0,36999.0,"(6.38, 6.8]","(33429.233, 37447.837]"
189,2,16,Black,HD+,6.1,5.0,13.0,6999.0,"(5.96, 6.38]","(5126.2, 9317.605]"
190,8,128,White,HD,6.7,32.0,50.0,49999.0,"(6.38, 6.8]","(49503.651, 53522.256]"
191,8,128,Green,HD,6.7,32.0,50.0,49999.0,"(6.38, 6.8]","(49503.651, 53522.256]"
192,2,16,Blue,HD+,6.1,5.0,13.0,6999.0,"(5.96, 6.38]","(5126.2, 9317.605]"
193,8,128,Green,HD+,6.44,32.0,64.0,41999.0,"(6.38, 6.8]","(41466.442, 45485.047]"
194,12,256,Green,HD+,6.44,32.0,64.0,47999.0,"(6.38, 6.8]","(45485.047, 49503.651]"
195,8,128,Black,HD,6.7,32.0,50.0,49999.0,"(6.38, 6.8]","(49503.651, 53522.256]"
197,12,256,Green,HD,6.7,32.0,50.0,57999.0,"(6.38, 6.8]","(57540.86, 61559.465]"
198,6,128,Blue,HD+,6.6,16.0,64.0,18999.0,"(6.38, 6.8]","(17354.814, 21373.419]"
204,6,64,Silver,HD+,6.5,16.0,48.0,14499.0,"(6.38, 6.8]","(13336.209, 17354.814]"
205,6,128,Blue,AMOLED,6.4,16.0,50.0,24999.0,"(6.38, 6.8]","(21373.419, 25392.023]"
206,6,128,Silver,HD+,6.4,16.0,64.0,16999.0,"(6.38, 6.8]","(13336.209, 17354.814]"
208,4,64,Silver,HD+,6.5,16.0,48.0,14499.0,"(6.38, 6.8]","(13336.209, 17354.814]"
209,8,128,Silver,HD+,6.4,16.0,64.0,17999.0,"(6.38, 6.8]","(17354.814, 21373.419]"
210,12,256,White,AMOLED,6.62,16.0,50.0,31999.0,"(6.38, 6.8]","(29410.628, 33429.233]"
211,4,64,Blue,HD+,6.5,8.0,13.0,9999.0,"(6.38, 6.8]","(9317.605, 13336.209]"
212,8,128,Green,HD+,6.62,16.0,64.0,31999.0,"(6.38, 6.8]","(29410.628, 33429.233]"
213,4,128,Blue,HD+,6.5,8.0,50.0,12499.0,"(6.38, 6.8]","(9317.605, 13336.209]"
214,6,128,Silver,HD+,6.5,16.0,48.0,16999.0,"(6.38, 6.8]","(13336.209, 17354.814]"
215,6,128,Blue,HD+,6.5,16.0,48.0,16999.0,"(6.38, 6.8]","(13336.209, 17354.814]"
216,8,256,Grey,HD+,6.43,32.0,64.0,29999.0,"(6.38, 6.8]","(29410.628, 33429.233]"
217,4,64,Blue,HD+,6.51,8.0,13.0,9999.0,"(6.38, 6.8]","(9317.605, 13336.209]"
218,4,64,Blue,HD+,6.5,8.0,50.0,11499.0,"(6.38, 6.8]","(9317.605, 13336.209]"
219,6,128,Black,HD+,6.43,32.0,64.0,25999.0,"(6.38, 6.8]","(25392.023, 29410.628]"
220,6,128,Green,HD+,6.6,16.0,64.0,18999.0,"(6.38, 6.8]","(17354.814, 21373.419]"
221,4,64,Silver,HD+,6.52,8.0,48.0,10499.0,"(6.38, 6.8]","(9317.605, 13336.209]"
222,8,128,Purple,HD+,6.5,16.0,64.0,19999.0,"(6.38, 6.8]","(17354.814, 21373.419]"
223,8,128,Blue,HD+,6.5,16.0,64.0,19999.0,"(6.38, 6.8]","(17354.814, 21373.419]"
225,2,32,Green,HD+,6.5,5.0,13.0,8999.0,"(6.38, 6.8]","(5126.2, 9317.605]"
226,4,128,Blue,HD+,6.52,8.0,48.0,11499.0,"(6.38, 6.8]","(9317.605, 13336.209]"
229,12,256,White,HD,6.7,32.0,50.0,57999.0,"(6.38, 6.8]","(57540.86, 61559.465]"
230,6,128,Blue,HD+,6.5,16.0,64.0,15999.0,"(6.38, 6.8]","(13336.209, 17354.814]"
231,6,128,Silver,HD+,6.43,16.0,64.0,19999.0,"(6.38, 6.8]","(17354.814, 21373.419]"
232,4,128,Silver,HD+,6.52,8.0,48.0,11499.0,"(6.38, 6.8]","(9317.605, 13336.209]"
234,2,32,Grey,HD+,6.5,5.0,13.0,8999.0,"(6.38, 6.8]","(5126.2, 9317.605]"
236,8,256,Blue,HD+,6.43,32.0,64.0,29999.0,"(6.38, 6.8]","(29410.628, 33429.233]"
237,4,128,Blue,HD+,6.5,8.0,50.0,11999.0,"(6.38, 6.8]","(9317.605, 13336.209]"
238,12,256,Blue,HD+,6.57,32.0,64.0,34999.0,"(6.38, 6.8]","(33429.233, 37447.837]"
239,8,128,Blue,HD+,6.43,16.0,64.0,37999.0,"(6.38, 6.8]","(37447.837, 41466.442]"
240,4,128,Purple,HD+,6.5,13.0,12.0,12999.0,"(6.38, 6.8]","(9317.605, 13336.209]"
241,3,32,Purple,HD+,6.5,13.0,12.0,10999.0,"(6.38, 6.8]","(9317.605, 13336.209]"
242,4,128,Blue,HD+,6.5,13.0,12.0,12999.0,"(6.38, 6.8]","(9317.605, 13336.209]"
243,3,32,Blue,HD+,6.5,13.0,12.0,10999.0,"(6.38, 6.8]","(9317.605, 13336.209]"
244,8,128,Black,HD+,6.3,16.0,16.0,17990.0,"(5.96, 6.38]","(17354.814, 21373.419]"
246,12,256,Blue,HD+,6.7,16.0,50.0,35999.0,"(6.38, 6.8]","(33429.233, 37447.837]"
247,4,64,Blue,HD+,6.5,8.0,12.0,11999.0,"(6.38, 6.8]","(9317.605, 13336.209]"
248,8,128,Blue,HD+,6.5,16.0,64.0,16999.0,"(6.38, 6.8]","(13336.209, 17354.814]"
251,4,64,Blue,HD+,6.5,13.0,48.0,11999.0,"(6.38, 6.8]","(9317.605, 13336.209]"
252,8,128,Blue,HD+,6.4,16.0,108.0,19999.0,"(6.38, 6.8]","(17354.814, 21373.419]"
253,12,256,White,HD+,6.57,32.0,64.0,34999.0,"(6.38, 6.8]","(33429.233, 37447.837]"
254,6,128,Black,HD+,6.4,16.0,108.0,17999.0,"(6.38, 6.8]","(17354.814, 21373.419]"
255,6,128,Silver,HD+,6.4,32.0,64.0,19999.0,"(6.38, 6.8]","(17354.814, 21373.419]"
256,12,256,Blue,HD+,6.5,16.0,64.0,35999.0,"(6.38, 6.8]","(33429.233, 37447.837]"
257,8,128,Blue,HD+,6.5,16.0,64.0,31999.0,"(6.38, 6.8]","(29410.628, 33429.233]"
258,3,32,Silver,HD+,6.52,8.0,13.0,11999.0,"(6.38, 6.8]","(9317.605, 13336.209]"
259,6,128,Yellow,HD+,6.4,16.0,108.0,17999.0,"(6.38, 6.8]","(17354.814, 21373.419]"
260,3,32,Blue,HD+,6.22,13.0,13.0,8499.0,"(5.96, 6.38]","(5126.2, 9317.605]"
261,3,64,Black,HD+,6.22,13.0,13.0,9499.0,"(5.96, 6.38]","(9317.605, 13336.209]"
262,4,64,Blue,HD+,6.22,13.0,13.0,10499.0,"(5.96, 6.38]","(9317.605, 13336.209]"
263,6,64,White,HD+,6.5,16.0,64.0,17999.0,"(6.38, 6.8]","(17354.814, 21373.419]"
264,6,64,Blue,HD+,6.5,16.0,64.0,17999.0,"(6.38, 6.8]","(17354.814, 21373.419]"
265,3,32,Black,HD+,6.22,13.0,13.0,8499.0,"(5.96, 6.38]","(5126.2, 9317.605]"
266,4,64,Black,HD+,6.5,16.0,48.0,14999.0,"(6.38, 6.8]","(13336.209, 17354.814]"
267,2,32,Black,HD+,6.2,5.0,13.0,8999.0,"(5.96, 6.38]","(5126.2, 9317.605]"
268,6,64,Black,HD+,6.5,16.0,48.0,15999.0,"(6.38, 6.8]","(13336.209, 17354.814]"
269,4,64,White,HD+,6.5,16.0,48.0,14999.0,"(6.38, 6.8]","(13336.209, 17354.814]"
270,6,64,White,HD+,6.5,16.0,48.0,14999.0,"(6.38, 6.8]","(13336.209, 17354.814]"
271,4,64,Blue,HD+,6.3,25.0,16.0,13999.0,"(5.96, 6.38]","(13336.209, 17354.814]"
272,2,16,Black,HD+,6.2,5.0,13.0,8990.0,"(5.96, 6.38]","(5126.2, 9317.605]"
273,2,16,Blue,HD+,6.2,5.0,13.0,8990.0,"(5.96, 6.38]","(5126.2, 9317.605]"
275,4,128,Blue,HD+,6.52,8.0,12.0,11999.0,"(6.38, 6.8]","(9317.605, 13336.209]"
276,4,64,Green,HD+,6.52,8.0,12.0,10999.0,"(6.38, 6.8]","(9317.605, 13336.209]"
277,4,64,Blue,HD+,6.52,8.0,12.0,10999.0,"(6.38, 6.8]","(9317.605, 13336.209]"
278,6,64,Blue,HD+,6.3,16.0,48.0,15999.0,"(5.96, 6.38]","(13336.209, 17354.814]"
279,8,128,Blue,HD+,6.3,16.0,48.0,17999.0,"(5.96, 6.38]","(17354.814, 21373.419]"
280,6,64,Green,HD+,6.3,16.0,48.0,15999.0,"(5.96, 6.38]","(13336.209, 17354.814]"
281,4,64,Blue,HD+,6.3,16.0,48.0,14999.0,"(5.96, 6.38]","(13336.209, 17354.814]"
282,4,64,Green,HD+,6.3,16.0,48.0,14999.0,"(5.96, 6.38]","(13336.209, 17354.814]"
283,4,128,Blue,HD+,6.5,16.0,64.0,14249.0,"(6.38, 6.8]","(13336.209, 17354.814]"
284,8,128,Silver,HD+,6.4,32.0,64.0,21999.0,"(6.38, 6.8]","(21373.419, 25392.023]"
285,2,32,Blue,HD+,6.5,5.0,8.0,5299.0,"(6.38, 6.8]","(5126.2, 9317.605]"
290,12,256,Green,AMOLED,6.62,16.0,50.0,31999.0,"(6.38, 6.8]","(29410.628, 33429.233]"
291,4,128,Blue,HD+,6.5,8.0,13.0,11999.0,"(6.38, 6.8]","(9317.605, 13336.209]"
292,8,128,Blue,HD+,6.5,16.0,48.0,18499.0,"(6.38, 6.8]","(17354.814, 21373.419]"
293,4,64,Blue,HD+,6.5,16.0,48.0,15499.0,"(6.38, 6.8]","(13336.209, 17354.814]"
294,6,128,Black,HD+,6.5,16.0,48.0,17499.0,"(6.38, 6.8]","(17354.814, 21373.419]"
295,6,128,Black,HD+,6.5,16.0,48.0,17499.0,"(6.38, 6.8]","(17354.814, 21373.419]"
296,8,128,Black,HD+,6.5,16.0,48.0,19999.0,"(6.38, 6.8]","(17354.814, 21373.419]"
297,6,128,Blue,HD+,6.5,16.0,48.0,17499.0,"(6.38, 6.8]","(17354.814, 21373.419]"
298,6,128,Green,AMOLED,6.4,16.0,50.0,24999.0,"(6.38, 6.8]","(21373.419, 25392.023]"
300,3,32,Grey,HD+,6.52,5.0,12.0,8999.0,"(6.38, 6.8]","(5126.2, 9317.605]"
301,4,64,Green,HD+,6.5,8.0,50.0,11499.0,"(6.38, 6.8]","(9317.605, 13336.209]"
302,12,256,Green,HD+,6.62,16.0,64.0,35999.0,"(6.38, 6.8]","(33429.233, 37447.837]"
304,8,128,Grey,HD+,6.43,32.0,64.0,27999.0,"(6.38, 6.8]","(25392.023, 29410.628]"
305,3,32,Black,HD+,6.51,8.0,13.0,8999.0,"(6.38, 6.8]","(5126.2, 9317.605]"
306,3,32,Blue,HD+,6.51,8.0,13.0,8999.0,"(6.38, 6.8]","(5126.2, 9317.605]"
308,4,128,Blue,HD+,6.5,8.0,13.0,10999.0,"(6.38, 6.8]","(9317.605, 13336.209]"
309,4,64,Grey,HD+,6.5,8.0,13.0,9999.0,"(6.38, 6.8]","(9317.605, 13336.209]"
310,8,128,Blue,HD+,6.5,16.0,64.0,20999.0,"(6.38, 6.8]","(17354.814, 21373.419]"
311,8,256,Black,HD+,6.43,32.0,64.0,29999.0,"(6.38, 6.8]","(29410.628, 33429.233]"
313,6,128,White,HD+,6.43,32.0,64.0,25999.0,"(6.38, 6.8]","(25392.023, 29410.628]"
315,8,128,Blue,HD+,6.43,32.0,64.0,27999.0,"(6.38, 6.8]","(25392.023, 29410.628]"
316,6,128,Grey,HD+,6.43,32.0,64.0,25999.0,"(6.38, 6.8]","(25392.023, 29410.628]"
317,6,128,Blue,HD+,6.43,32.0,64.0,25999.0,"(6.38, 6.8]","(25392.023, 29410.628]"
318,4,128,Blue,HD+,6.5,8.0,50.0,11999.0,"(6.38, 6.8]","(9317.605, 13336.209]"
320,3,32,Silver,HD+,6.52,5.0,13.0,10999.0,"(6.38, 6.8]","(9317.605, 13336.209]"
321,4,64,Blue,HD+,6.52,5.0,13.0,10999.0,"(6.38, 6.8]","(9317.605, 13336.209]"
322,4,64,Silver,HD+,6.52,5.0,13.0,9999.0,"(6.38, 6.8]","(9317.605, 13336.209]"
323,4,64,Black,HD+,6.2,8.0,13.0,11990.0,"(5.96, 6.38]","(9317.605, 13336.209]"
327,4,64,Black,HD+,6.51,8.0,13.0,9999.0,"(6.38, 6.8]","(9317.605, 13336.209]"
328,4,64,Blue,HD+,6.52,8.0,13.0,12999.0,"(6.38, 6.8]","(9317.605, 13336.209]"
329,4,64,Silver,HD+,6.52,8.0,13.0,12999.0,"(6.38, 6.8]","(9317.605, 13336.209]"
332,6,128,Blue,HD+,6.5,16.0,64.0,17999.0,"(6.38, 6.8]","(17354.814, 21373.419]"
333,3,32,Blue,HD+,6.1,5.0,13.0,8999.0,"(5.96, 6.38]","(5126.2, 9317.605]"
335,4,64,Pearl,HD+,6.4,32.0,64.0,17999.0,"(6.38, 6.8]","(17354.814, 21373.419]"
336,8,128,Pearl,HD+,6.4,32.0,64.0,20999.0,"(6.38, 6.8]","(17354.814, 21373.419]"
337,4,64,Blue,HD+,6.52,8.0,48.0,10499.0,"(6.38, 6.8]","(9317.605, 13336.209]"
341,6,128,Purple,HD+,6.5,16.0,64.0,17999.0,"(6.38, 6.8]","(17354.814, 21373.419]"
342,8,128,Blue,AMOLED,6.4,16.0,50.0,26999.0,"(6.38, 6.8]","(25392.023, 29410.628]"
345,4,128,White,HD+,6.53,16.0,48.0,17999.0,"(6.38, 6.8]","(17354.814, 21373.419]"
346,8,128,Black,HD+,6.72,16.0,108.0,20999.0,"(6.38, 6.8]","(17354.814, 21373.419]"
347,12,256,Silver,HD+,6.43,16.0,64.0,29999.0,"(6.38, 6.8]","(29410.628, 33429.233]"
348,4,64,White,HD+,6.5,16.0,64.0,13999.0,"(6.38, 6.8]","(13336.209, 17354.814]"
352,8,128,Black,HD+,6.5,16.0,48.0,16999.0,"(6.38, 6.8]","(13336.209, 17354.814]"
354,6,64,Blue,HD+,6.6,16.0,64.0,17999.0,"(6.38, 6.8]","(17354.814, 21373.419]"
355,12,256,Black,HD+,6.43,16.0,64.0,29999.0,"(6.38, 6.8]","(29410.628, 33429.233]"
356,8,128,White,HD+,6.5,16.0,48.0,16999.0,"(6.38, 6.8]","(13336.209, 17354.814]"
357,6,64,White,HD+,6.5,16.0,48.0,14999.0,"(6.38, 6.8]","(13336.209, 17354.814]"
361,8,128,Silver,HD+,6.43,16.0,64.0,21999.0,"(6.38, 6.8]","(21373.419, 25392.023]"
363,4,128,Grey,HD+,6.5,8.0,50.0,11999.0,"(6.38, 6.8]","(9317.605, 13336.209]"
364,4,64,Green,HD+,6.5,16.0,64.0,11849.0,"(6.38, 6.8]","(9317.605, 13336.209]"
365,4,64,Blue,HD+,6.5,16.0,64.0,11849.0,"(6.38, 6.8]","(9317.605, 13336.209]"
366,8,128,Pearl,HD+,6.4,32.0,64.0,20999.0,"(6.38, 6.8]","(17354.814, 21373.419]"
367,6,128,Pearl,HD+,6.4,32.0,64.0,19999.0,"(6.38, 6.8]","(17354.814, 21373.419]"
368,4,128,Green,HD+,6.5,16.0,64.0,14249.0,"(6.38, 6.8]","(13336.209, 17354.814]"
369,8,128,Silver,HD+,6.43,16.0,64.0,26999.0,"(6.38, 6.8]","(25392.023, 29410.628]"
371,3,32,Silver,HD+,6.5,8.0,12.0,10999.0,"(6.38, 6.8]","(9317.605, 13336.209]"
372,8,128,Black,HD+,6.4,16.0,108.0,19999.0,"(6.38, 6.8]","(17354.814, 21373.419]"
373,6,64,White,HD+,6.5,16.0,64.0,29999.0,"(6.38, 6.8]","(29410.628, 33429.233]"
375,8,128,White,HD+,6.57,16.0,64.0,27999.0,"(6.38, 6.8]","(25392.023, 29410.628]"
376,8,128,Blue,HD+,6.57,16.0,64.0,27999.0,"(6.38, 6.8]","(25392.023, 29410.628]"
377,3,32,Blue,HD+,6.5,8.0,12.0,10999.0,"(6.38, 6.8]","(9317.605, 13336.209]"
378,4,128,Blue,HD+,6.5,13.0,48.0,12999.0,"(6.38, 6.8]","(9317.605, 13336.209]"
380,6,128,Blue,HD+,6.4,16.0,108.0,17999.0,"(6.38, 6.8]","(17354.814, 21373.419]"
381,4,64,Silver,HD+,6.5,8.0,12.0,11999.0,"(6.38, 6.8]","(9317.605, 13336.209]"
382,4,64,White,HD+,6.52,5.0,12.0,9499.0,"(6.38, 6.8]","(9317.605, 13336.209]"
383,12,256,White,HD+,6.5,16.0,64.0,35999.0,"(6.38, 6.8]","(33429.233, 37447.837]"
384,8,128,White,HD+,6.5,16.0,64.0,31999.0,"(6.38, 6.8]","(29410.628, 33429.233]"
386,6,64,Black,HD+,6.5,16.0,48.0,14999.0,"(6.38, 6.8]","(13336.209, 17354.814]"
387,8,128,Blue,HD+,6.4,32.0,64.0,21999.0,"(6.38, 6.8]","(21373.419, 25392.023]"
388,6,128,Blue,HD+,6.4,32.0,64.0,19999.0,"(6.38, 6.8]","(17354.814, 21373.419]"
390,3,64,Blue,HD+,6.22,13.0,13.0,9499.0,"(5.96, 6.38]","(9317.605, 13336.209]"
391,8,128,Yellow,HD+,6.4,16.0,108.0,19999.0,"(6.38, 6.8]","(17354.814, 21373.419]"
392,4,128,White,HD+,6.5,16.0,48.0,11999.0,"(6.38, 6.8]","(9317.605, 13336.209]"
393,4,128,Blue,HD+,6.5,16.0,48.0,11999.0,"(6.38, 6.8]","(9317.605, 13336.209]"
394,3,32,Black,HD+,6.2,5.0,13.0,9999.0,"(5.96, 6.38]","(9317.605, 13336.209]"
395,8,128,White,HD+,6.3,16.0,48.0,16999.0,"(5.96, 6.38]","(13336.209, 17354.814]"
396,8,128,Black,HD+,6.43,16.0,64.0,26999.0,"(6.38, 6.8]","(25392.023, 29410.628]"
400,1,8,Black,HD,6.7,5.0,8.0,5999.0,"(6.38, 6.8]","(5126.2, 9317.605]"
401,4,64,Blue,HD+,6.22,8.0,12.0,10749.0,"(5.96, 6.38]","(9317.605, 13336.209]"
403,1,16,Blue,HD,6.5,5.0,8.0,5999.0,"(6.38, 6.8]","(5126.2, 9317.605]"
404,3,32,Black,HD+,6.53,5.0,13.0,8190.0,"(6.38, 6.8]","(5126.2, 9317.605]"
405,8,128,Blue,HD+,6.55,20.0,64.0,23890.0,"(6.38, 6.8]","(21373.419, 25392.023]"
406,3,32,Blue,HD+,6.53,5.0,13.0,8190.0,"(6.38, 6.8]","(5126.2, 9317.605]"
407,6,128,Black,HD+,6.67,20.0,48.0,33999.0,"(6.38, 6.8]","(33429.233, 37447.837]"
408,6,128,White,HD+,6.67,20.0,48.0,32980.0,"(6.38, 6.8]","(29410.628, 33429.233]"
411,6,128,Black,AMOLED,6.67,16.0,108.0,24999.0,"(6.38, 6.8]","(21373.419, 25392.023]"
414,8,128,Purple,AMOLED,6.67,16.0,108.0,26999.0,"(6.38, 6.8]","(25392.023, 29410.628]"
416,2,32,Gold,HD+,5.45,5.0,12.0,6999.0,"(5.12, 5.54]","(5126.2, 9317.605]"
417,6,128,Blue,HD+,6.55,20.0,64.0,23490.0,"(6.38, 6.8]","(21373.419, 25392.023]"
419,4,64,Black,HD+,6.3,13.0,48.0,13999.0,"(5.96, 6.38]","(13336.209, 17354.814]"
427,6,128,Pearl,AMOLED,6.67,16.0,108.0,24999.0,"(6.38, 6.8]","(21373.419, 25392.023]"
428,4,64,Grey,HD+,5.99,16.0,12.0,13499.0,"(5.96, 6.38]","(13336.209, 17354.814]"
429,8,128,White,HD+,6.67,20.0,48.0,30999.0,"(6.38, 6.8]","(29410.628, 33429.233]"
432,6,128,Purple,AMOLED,6.67,16.0,108.0,24999.0,"(6.38, 6.8]","(21373.419, 25392.023]"
433,2,32,Blue,HD+,5.45,5.0,12.0,6999.0,"(5.12, 5.54]","(5126.2, 9317.605]"
434,3,64,Black,HD+,5.45,5.0,12.0,10499.0,"(5.12, 5.54]","(9317.605, 13336.209]"
435,8,128,Black,HD+,6.55,16.0,64.0,23999.0,"(6.38, 6.8]","(21373.419, 25392.023]"
436,6,128,Purple,AMOLED,6.67,16.0,108.0,24999.0,"(6.38, 6.8]","(21373.419, 25392.023]"
441,8,128,Blue,HD+,6.55,16.0,64.0,23999.0,"(6.38, 6.8]","(21373.419, 25392.023]"
442,4,64,Blue,HD+,6.53,5.0,13.0,10999.0,"(6.38, 6.8]","(9317.605, 13336.209]"
444,6,128,Black,AMOLED,6.67,16.0,108.0,24999.0,"(6.38, 6.8]","(21373.419, 25392.023]"
445,8,128,Black,HD+,6.67,20.0,108.0,47999.0,"(6.38, 6.8]","(45485.047, 49503.651]"
448,3,32,Black,HD+,6.3,13.0,48.0,11999.0,"(5.96, 6.38]","(9317.605, 13336.209]"
449,3,32,Gold,HD+,5.45,5.0,12.0,8999.0,"(5.12, 5.54]","(5126.2, 9317.605]"
450,3,64,Blue,HD+,5.45,5.0,12.0,10499.0,"(5.12, 5.54]","(9317.605, 13336.209]"
452,3,32,Blue,HD+,5.99,16.0,12.0,10499.0,"(5.96, 6.38]","(9317.605, 13336.209]"
453,4,64,Black,HD+,5.99,5.0,12.0,11999.0,"(5.96, 6.38]","(9317.605, 13336.209]"
454,4,64,Gold,HD+,5.99,20.0,20.0,17499.0,"(5.96, 6.38]","(17354.814, 21373.419]"
455,6,64,Gold,HD+,5.99,20.0,12.0,16999.0,"(5.96, 6.38]","(13336.209, 17354.814]"
456,3,32,White,HD+,6.22,8.0,13.0,8999.0,"(5.96, 6.38]","(5126.2, 9317.605]"
457,4,64,Blue,HD+,6.26,20.0,12.0,15999.0,"(5.96, 6.38]","(13336.209, 17354.814]"
458,4,64,Gold,HD+,5.99,20.0,12.0,14999.0,"(5.96, 6.38]","(13336.209, 17354.814]"
459,3,64,Grey,HD+,6.22,8.0,13.0,9999.0,"(5.96, 6.38]","(9317.605, 13336.209]"
461,3,32,White,HD+,6.3,13.0,48.0,11999.0,"(5.96, 6.38]","(9317.605, 13336.209]"
463,2,32,Black,HD+,5.45,5.0,12.0,6999.0,"(5.12, 5.54]","(5126.2, 9317.605]"
464,4,64,Black,HD+,5.99,20.0,12.0,14999.0,"(5.96, 6.38]","(13336.209, 17354.814]"
466,6,128,Pearl,HD+,6.39,20.0,48.0,24999.0,"(6.38, 6.8]","(21373.419, 25392.023]"
469,6,64,Black,HD+,6.3,13.0,48.0,16999.0,"(5.96, 6.38]","(13336.209, 17354.814]"
470,3,32,Blue,HD+,5.45,5.0,12.0,8999.0,"(5.12, 5.54]","(5126.2, 9317.605]"
471,8,128,Silver,HD+,6.67,20.0,64.0,37999.0,"(6.38, 6.8]","(37447.837, 41466.442]"
473,1,16,Black,HD,6.67,5.0,8.0,5999.0,"(6.38, 6.8]","(5126.2, 9317.605]"
475,1,8,Blue,HD,6.3,5.0,8.0,5999.0,"(5.96, 6.38]","(5126.2, 9317.605]"
476,4,64,Blue,HD+,6.3,13.0,48.0,13999.0,"(5.96, 6.38]","(13336.209, 17354.814]"
477,4,64,White,HD+,6.3,13.0,48.0,13999.0,"(5.96, 6.38]","(13336.209, 17354.814]"
478,3,32,Gold,HD,6.3,5.0,13.0,6999.0,"(5.96, 6.38]","(5126.2, 9317.605]"
482,3,32,Black,HD+,6.3,13.0,12.0,12999.0,"(5.96, 6.38]","(9317.605, 13336.209]"
485,4,64,Blue,HD+,6.3,13.0,48.0,15999.0,"(5.96, 6.38]","(13336.209, 17354.814]"
487,4,64,Gold,HD+,5.99,5.0,12.0,11999.0,"(5.96, 6.38]","(9317.605, 13336.209]"
488,2,16,Gold,HD+,5.45,5.0,12.0,6499.0,"(5.12, 5.54]","(5126.2, 9317.605]"
489,4,64,Black,HD+,6.26,20.0,12.0,15999.0,"(5.96, 6.38]","(13336.209, 17354.814]"
490,6,64,Black,HD+,5.99,20.0,12.0,16999.0,"(5.96, 6.38]","(13336.209, 17354.814]"
491,3,64,Gold,HD+,5.45,5.0,12.0,10499.0,"(5.12, 5.54]","(9317.605, 13336.209]"
492,3,32,Gold,HD,5.45,5.0,13.0,8999.0,"(5.12, 5.54]","(5126.2, 9317.605]"
513,8,128,Purple,AMOLED,6.67,16.0,108.0,26999.0,"(6.38, 6.8]","(25392.023, 29410.628]"
514,8,128,Silver,HD+,6.67,20.0,108.0,29990.0,"(6.38, 6.8]","(29410.628, 33429.233]"
515,8,128,Black,AMOLED,6.67,16.0,108.0,26999.0,"(6.38, 6.8]","(25392.023, 29410.628]"
519,6,128,Blue,HD+,6.55,16.0,64.0,21999.0,"(6.38, 6.8]","(21373.419, 25392.023]"
523,8,128,Black,HD+,6.67,20.0,64.0,37999.0,"(6.38, 6.8]","(37447.837, 41466.442]"
524,3,32,Black,HD+,5.45,5.0,12.0,8999.0,"(5.12, 5.54]","(5126.2, 9317.605]"
525,2,32,Black,HD+,6.22,8.0,12.0,7999.0,"(5.96, 6.38]","(5126.2, 9317.605]"
526,3,32,Green,HD+,6.53,5.0,13.0,7999.0,"(6.38, 6.8]","(5126.2, 9317.605]"
528,2,16,Blue,HD+,5.45,5.0,12.0,6499.0,"(5.12, 5.54]","(5126.2, 9317.605]"
531,6,128,Blue,HD+,6.39,20.0,48.0,24999.0,"(6.38, 6.8]","(21373.419, 25392.023]"
532,3,32,Grey,HD+,6.22,8.0,13.0,8999.0,"(5.96, 6.38]","(5126.2, 9317.605]"
533,6,128,Black,HD+,6.3,13.0,48.0,16999.0,"(5.96, 6.38]","(13336.209, 17354.814]"
534,6,128,Green,AMOLED,6.67,16.0,108.0,24999.0,"(6.38, 6.8]","(21373.419, 25392.023]"
536,4,64,White,HD+,6.3,13.0,48.0,15999.0,"(5.96, 6.38]","(13336.209, 17354.814]"
537,4,64,Black,HD,5.5,5.0,13.0,12749.0,"(5.12, 5.54]","(9317.605, 13336.209]"
538,4,64,Gold,HD,5.5,5.0,13.0,12749.0,"(5.12, 5.54]","(9317.605, 13336.209]"
539,4,64,Green,HD+,6.22,8.0,12.0,10999.0,"(5.96, 6.38]","(9317.605, 13336.209]"
540,4,64,Grey,HD,5.5,5.0,13.0,12749.0,"(5.12, 5.54]","(9317.605, 13336.209]"
541,6,64,Blue,HD+,6.39,20.0,48.0,22999.0,"(6.38, 6.8]","(21373.419, 25392.023]"
544,6,64,Blue,HD+,6.26,20.0,12.0,17999.0,"(5.96, 6.38]","(17354.814, 21373.419]"
545,6,64,Blue,HD+,6.3,13.0,48.0,16999.0,"(5.96, 6.38]","(13336.209, 17354.814]"
546,4,64,Gold,HD+,6.26,20.0,12.0,15999.0,"(5.96, 6.38]","(13336.209, 17354.814]"
551,6,128,Black,HD+,6.55,20.0,64.0,21990.0,"(6.38, 6.8]","(21373.419, 25392.023]"
552,4,64,Orange,HD+,6.53,5.0,13.0,9999.0,"(6.38, 6.8]","(9317.605, 13336.209]"
554,2,16,Blue,HD,6.55,5.0,13.0,5999.0,"(6.38, 6.8]","(5126.2, 9317.605]"
557,3,32,Gold,HD,6.26,5.0,13.0,6999.0,"(5.96, 6.38]","(5126.2, 9317.605]"
558,3,32,Gold,HD,6.26,5.0,13.0,6999.0,"(5.96, 6.38]","(5126.2, 9317.605]"
559,2,16,Grey,HD,6.26,5.0,13.0,5999.0,"(5.96, 6.38]","(5126.2, 9317.605]"
560,3,32,Gold,HD+,5.99,5.0,12.0,10999.0,"(5.96, 6.38]","(9317.605, 13336.209]"
562,4,64,Black,HD+,6.3,13.0,12.0,12349.0,"(5.96, 6.38]","(9317.605, 13336.209]"
563,4,64,Gold,HD+,5.99,16.0,12.0,13499.0,"(5.96, 6.38]","(13336.209, 17354.814]"
564,3,32,Gold,HD+,5.99,5.0,12.0,10999.0,"(5.96, 6.38]","(9317.605, 13336.209]"
566,2,16,Gold,HD,6.67,5.0,13.0,5999.0,"(6.38, 6.8]","(5126.2, 9317.605]"
567,4,64,Black,HD,6.44,5.0,12.0,14999.0,"(6.38, 6.8]","(13336.209, 17354.814]"
568,4,64,Black,HD+,5.99,20.0,20.0,17499.0,"(5.96, 6.38]","(17354.814, 21373.419]"
569,6,128,White,HD+,6.08,32.0,48.0,17499.0,"(5.96, 6.38]","(17354.814, 21373.419]"
570,3,32,Grey,HD,6.08,5.0,13.0,6999.0,"(5.96, 6.38]","(5126.2, 9317.605]"
578,3,32,Black,HD+,5.99,5.0,12.0,10999.0,"(5.96, 6.38]","(9317.605, 13336.209]"
579,4,64,Blue,HD+,6.3,13.0,48.0,12999.0,"(5.96, 6.38]","(9317.605, 13336.209]"
580,3,32,Black,HD+,5.99,16.0,12.0,8990.0,"(5.96, 6.38]","(5126.2, 9317.605]"
581,3,32,Blue,HD+,5.99,5.0,12.0,10999.0,"(5.96, 6.38]","(9317.605, 13336.209]"
582,4,64,Purple,HD+,6.3,13.0,48.0,12999.0,"(5.96, 6.38]","(9317.605, 13336.209]"
584,4,64,Gold,HD+,5.99,20.0,12.0,14999.0,"(5.96, 6.38]","(13336.209, 17354.814]"
585,4,64,Black,HD+,6.3,13.0,48.0,12999.0,"(5.96, 6.38]","(9317.605, 13336.209]"
587,4,64,White,HD+,6.3,13.0,48.0,12999.0,"(5.96, 6.38]","(9317.605, 13336.209]"
588,4,64,Blue,HD+,5.99,20.0,12.0,14999.0,"(5.96, 6.38]","(13336.209, 17354.814]"
591,3,32,Blue,HD+,6.22,8.0,12.0,8999.0,"(5.96, 6.38]","(5126.2, 9317.605]"
592,6,128,Blue,HD+,6.39,20.0,48.0,28999.0,"(6.38, 6.8]","(25392.023, 29410.628]"
593,6,64,Blue,HD+,5.99,20.0,12.0,16999.0,"(5.96, 6.38]","(13336.209, 17354.814]"
594,3,32,Grey,HD,5.99,5.0,13.0,6999.0,"(5.96, 6.38]","(5126.2, 9317.605]"
595,8,128,Black,AMOLED,6.67,16.0,108.0,26999.0,"(6.38, 6.8]","(25392.023, 29410.628]"
598,4,64,Black,HD+,6.67,16.0,48.0,14450.0,"(6.38, 6.8]","(13336.209, 17354.814]"
600,4,64,Gold,HD+,6.67,16.0,48.0,14990.0,"(6.38, 6.8]","(13336.209, 17354.814]"
601,6,128,Blue,HD+,6.3,13.0,48.0,14998.0,"(5.96, 6.38]","(13336.209, 17354.814]"
604,3,32,Black,HD+,6.22,8.0,12.0,8999.0,"(5.96, 6.38]","(5126.2, 9317.605]"
607,3,32,Blue,HD+,6.3,13.0,48.0,11999.0,"(5.96, 6.38]","(9317.605, 13336.209]"
609,8,128,Black,HD+,6.67,20.0,48.0,24808.0,"(6.38, 6.8]","(21373.419, 25392.023]"
611,6,128,Green,AMOLED,6.67,16.0,108.0,24999.0,"(6.38, 6.8]","(21373.419, 25392.023]"
623,6,128,Silver,HD+,6.67,20.0,48.0,24490.0,"(6.38, 6.8]","(21373.419, 25392.023]"
624,6,128,Blue,HD+,6.3,13.0,48.0,17999.0,"(5.96, 6.38]","(17354.814, 21373.419]"
625,4,64,Blue,HD+,5.99,20.0,20.0,17499.0,"(5.96, 6.38]","(17354.814, 21373.419]"
627,8,128,Silver,HD+,6.67,20.0,108.0,25999.0,"(6.38, 6.8]","(25392.023, 29410.628]"
630,4,64,Gold,HD+,5.99,20.0,20.0,17499.0,"(5.96, 6.38]","(17354.814, 21373.419]"
631,2,16,Grey,HD,5.99,5.0,13.0,6999.0,"(5.96, 6.38]","(5126.2, 9317.605]"
632,8,128,Pearl,AMOLED,6.67,16.0,108.0,26999.0,"(6.38, 6.8]","(25392.023, 29410.628]"
633,8,256,Silver,HD+,6.67,20.0,108.0,34999.0,"(6.38, 6.8]","(33429.233, 37447.837]"
634,4,64,Black,HD+,6.22,8.0,12.0,10999.0,"(5.96, 6.38]","(9317.605, 13336.209]"
637,2,16,Black,HD+,5.45,5.0,12.0,6499.0,"(5.12, 5.54]","(5126.2, 9317.605]"
638,6,128,Black,HD+,6.55,16.0,64.0,21999.0,"(6.38, 6.8]","(21373.419, 25392.023]"
640,4,64,Carbon,HD+,6.53,5.0,13.0,8935.0,"(6.38, 6.8]","(5126.2, 9317.605]"
641,4,64,Blue,HD+,6.3,13.0,12.0,14999.0,"(5.96, 6.38]","(13336.209, 17354.814]"
643,4,64,Black,HD,5.5,5.0,12.0,14599.0,"(5.12, 5.54]","(13336.209, 17354.814]"
645,4,64,Blue,HD,5.7,5.0,12.0,8299.0,"(5.54, 5.96]","(5126.2, 9317.605]"
646,2,16,Grey,HD,5.7,2.0,13.0,16999.0,"(5.54, 5.96]","(13336.209, 17354.814]"
648,4,64,Blue,HD+,6.53,5.0,13.0,9015.0,"(6.38, 6.8]","(5126.2, 9317.605]"
654,3,32,Grey,HD+,5.99,16.0,12.0,10499.0,"(5.96, 6.38]","(9317.605, 13336.209]"
655,3,32,Gold,HD+,5.99,16.0,12.0,10499.0,"(5.96, 6.38]","(9317.605, 13336.209]"
656,6,128,Blue,HD+,5.99,20.0,20.0,20500.0,"(5.96, 6.38]","(17354.814, 21373.419]"
657,3,32,Gold,HD+,5.7,5.0,12.0,9999.0,"(5.54, 5.96]","(9317.605, 13336.209]"
658,8,256,Pearl,HD+,6.39,20.0,48.0,31999.0,"(6.38, 6.8]","(29410.628, 33429.233]"
660,3,32,Gold,HD+,5.99,16.0,12.0,10499.0,"(5.96, 6.38]","(9317.605, 13336.209]"
661,6,64,Pearl,HD+,6.39,20.0,48.0,22999.0,"(6.38, 6.8]","(21373.419, 25392.023]"
662,3,64,White,HD+,6.22,8.0,13.0,9999.0,"(5.96, 6.38]","(9317.605, 13336.209]"
666,3,32,White,HD,5.15,4.0,16.0,24999.0,"(5.12, 5.54]","(21373.419, 25392.023]"
667,2,16,Silver,HD,5.15,5.0,13.0,6999.0,"(5.12, 5.54]","(5126.2, 9317.605]"
668,2,16,Gold,HD,5.15,5.0,13.0,6999.0,"(5.12, 5.54]","(5126.2, 9317.605]"
669,4,128,Blue,HD+,6.53,5.0,13.0,9990.0,"(6.38, 6.8]","(9317.605, 13336.209]"
670,3,32,Gold,HD,5.15,4.0,16.0,24999.0,"(5.12, 5.54]","(21373.419, 25392.023]"
671,4,64,Blue,HD+,5.99,5.0,12.0,11999.0,"(5.96, 6.38]","(9317.605, 13336.209]"
674,3,32,Silver,HD,6.44,5.0,16.0,14999.0,"(6.38, 6.8]","(13336.209, 17354.814]"
675,8,128,Green,AMOLED,6.67,16.0,108.0,26999.0,"(6.38, 6.8]","(25392.023, 29410.628]"
677,6,128,Pearl,HD+,6.39,20.0,48.0,28999.0,"(6.38, 6.8]","(25392.023, 29410.628]"
678,8,128,Pearl,AMOLED,6.67,16.0,108.0,26999.0,"(6.38, 6.8]","(25392.023, 29410.628]"
679,2,16,Blue,HD,6.67,5.0,13.0,12999.0,"(6.38, 6.8]","(9317.605, 13336.209]"
680,4,64,Blue,HD,5.5,5.0,13.0,12749.0,"(5.12, 5.54]","(9317.605, 13336.209]"
681,3,32,Black,HD,5.15,4.0,16.0,24999.0,"(5.12, 5.54]","(21373.419, 25392.023]"
683,8,256,Carbon,HD+,6.39,20.0,48.0,31999.0,"(6.38, 6.8]","(29410.628, 33429.233]"
684,3,32,Grey,HD,6.44,5.0,16.0,14999.0,"(6.38, 6.8]","(13336.209, 17354.814]"
685,6,64,Black,HD+,6.67,16.0,108.0,21999.0,"(6.38, 6.8]","(21373.419, 25392.023]"
686,6,128,Gold,HD+,5.99,20.0,20.0,20500.0,"(5.96, 6.38]","(17354.814, 21373.419]"
687,6,128,Black,HD+,5.99,20.0,20.0,20500.0,"(5.96, 6.38]","(17354.814, 21373.419]"
688,2,32,Grey,HD,5.99,5.0,13.0,14999.0,"(5.96, 6.38]","(13336.209, 17354.814]"
692,4,64,Gold,HD+,5.99,16.0,12.0,13499.0,"(5.96, 6.38]","(13336.209, 17354.814]"
695,3,32,Grey,HD,5.5,5.0,13.0,10649.0,"(5.12, 5.54]","(9317.605, 13336.209]"
696,6,128,Blue,HD+,6.08,32.0,48.0,17499.0,"(5.96, 6.38]","(17354.814, 21373.419]"
698,6,64,Black,HD+,6.26,20.0,12.0,17999.0,"(5.96, 6.38]","(17354.814, 21373.419]"
699,6,64,Blue,HD+,6.67,16.0,108.0,21999.0,"(6.38, 6.8]","(21373.419, 25392.023]"
700,6,64,Gold,HD+,5.99,20.0,12.0,16999.0,"(5.96, 6.38]","(13336.209, 17354.814]"
701,6,128,White,HD+,6.67,16.0,48.0,14990.0,"(6.38, 6.8]","(13336.209, 17354.814]"
702,6,128,Black,HD+,6.3,13.0,48.0,15999.0,"(5.96, 6.38]","(13336.209, 17354.814]"
703,6,128,White,HD+,6.3,13.0,48.0,17999.0,"(5.96, 6.38]","(17354.814, 21373.419]"
704,4,64,Black,HD+,6.3,13.0,48.0,15999.0,"(5.96, 6.38]","(13336.209, 17354.814]"
705,6,128,White,HD+,6.3,13.0,48.0,15999.0,"(5.96, 6.38]","(13336.209, 17354.814]"
707,2,16,Grey,HD,4.7,5.0,13.0,12999.0,"(4.698, 5.12]","(9317.605, 13336.209]"
708,8,128,Silver,HD+,6.67,20.0,108.0,38849.0,"(6.38, 6.8]","(37447.837, 41466.442]"
709,4,64,Gold,HD+,5.99,5.0,12.0,11999.0,"(5.96, 6.38]","(9317.605, 13336.209]"
710,4,64,Blue,HD+,5.99,16.0,12.0,13999.0,"(5.96, 6.38]","(13336.209, 17354.814]"
711,6,64,White,HD+,6.3,13.0,48.0,16999.0,"(5.96, 6.38]","(13336.209, 17354.814]"
713,6,64,Gold,HD+,6.26,20.0,12.0,17999.0,"(5.96, 6.38]","(17354.814, 21373.419]"
714,4,64,Grey,HD,5.5,16.0,13.0,11999.0,"(5.12, 5.54]","(9317.605, 13336.209]"
715,6,128,Gold,HD+,6.67,16.0,48.0,19999.0,"(6.38, 6.8]","(17354.814, 21373.419]"
717,3,32,Silver,HD,5.99,5.0,13.0,8999.0,"(5.96, 6.38]","(5126.2, 9317.605]"
720,3,32,Grey,HD,5.5,5.0,13.0,8999.0,"(5.12, 5.54]","(5126.2, 9317.605]"
724,2,16,Yellow,HD,6.55,5.0,13.0,12999.0,"(6.38, 6.8]","(9317.605, 13336.209]"
725,3,32,Blue,HD+,6.22,8.0,13.0,8999.0,"(5.96, 6.38]","(5126.2, 9317.605]"
726,2,16,White,HD,6.22,5.0,13.0,12999.0,"(5.96, 6.38]","(9317.605, 13336.209]"
728,3,64,Blue,HD+,6.22,8.0,13.0,9999.0,"(5.96, 6.38]","(9317.605, 13336.209]"
730,3,16,White,HD,6.67,8.0,13.0,14999.0,"(6.38, 6.8]","(13336.209, 17354.814]"
738,4,64,Blue,HD+,6.26,32.0,12.0,9940.0,"(5.96, 6.38]","(9317.605, 13336.209]"
743,2,16,Black,HD+,5.7,5.0,12.0,7490.0,"(5.54, 5.96]","(5126.2, 9317.605]"
744,6,128,Purple,HD+,6.3,13.0,48.0,15999.0,"(5.96, 6.38]","(13336.209, 17354.814]"
745,6,128,Black,HD+,5.99,5.0,12.0,37999.0,"(5.96, 6.38]","(37447.837, 41466.442]"
746,3,32,Blue,HD,5.99,5.0,13.0,6999.0,"(5.96, 6.38]","(5126.2, 9317.605]"
748,2,16,Grey,HD,4.7,2.0,8.0,6999.0,"(4.698, 5.12]","(5126.2, 9317.605]"
749,2,16,White,HD,4.7,2.0,8.0,6999.0,"(4.698, 5.12]","(5126.2, 9317.605]"
750,2,16,Gold,HD,4.7,5.0,13.0,5999.0,"(4.698, 5.12]","(5126.2, 9317.605]"
751,3,32,Gold,HD,5.5,5.0,16.0,6990.0,"(5.12, 5.54]","(5126.2, 9317.605]"
752,3,32,Grey,HD,5.5,16.0,13.0,8999.0,"(5.12, 5.54]","(5126.2, 9317.605]"
753,4,64,Black,HD+,5.7,5.0,12.0,11990.0,"(5.54, 5.96]","(9317.605, 13336.209]"
754,8,256,Black,HD+,6.67,20.0,108.0,31990.0,"(6.38, 6.8]","(29410.628, 33429.233]"
755,4,64,White,HD+,6.088,32.0,48.0,14999.0,"(5.96, 6.38]","(13336.209, 17354.814]"
756,3,32,White,HD+,6.3,13.0,48.0,11990.0,"(5.96, 6.38]","(9317.605, 13336.209]"
757,3,32,Black,HD+,6.3,13.0,48.0,11450.0,"(5.96, 6.38]","(9317.605, 13336.209]"
758,2,16,Blue,HD+,5.7,5.0,12.0,8499.0,"(5.54, 5.96]","(5126.2, 9317.605]"
759,4,64,Grey,HD+,6.088,32.0,48.0,14999.0,"(5.96, 6.38]","(13336.209, 17354.814]"
760,8,128,Black,HD+,6.67,16.0,108.0,24099.0,"(6.38, 6.8]","(21373.419, 25392.023]"
761,6,128,Black,HD+,6.67,16.0,108.0,21975.0,"(6.38, 6.8]","(21373.419, 25392.023]"
763,4,64,Gold,HD+,5.7,5.0,12.0,10990.0,"(5.54, 5.96]","(9317.605, 13336.209]"
764,3,32,Blue,HD+,6.3,13.0,48.0,11990.0,"(5.96, 6.38]","(9317.605, 13336.209]"
766,4,64,Gold,HD,5.5,5.0,12.0,14599.0,"(5.12, 5.54]","(13336.209, 17354.814]"
767,4,64,Gold,HD,5.5,5.0,12.0,14999.0,"(5.12, 5.54]","(13336.209, 17354.814]"
768,4,64,Blue,HD+,6.088,32.0,48.0,14999.0,"(5.96, 6.38]","(13336.209, 17354.814]"
770,2,16,Gold,HD+,5.7,5.0,12.0,8489.0,"(5.54, 5.96]","(5126.2, 9317.605]"
771,3,32,Black,HD+,6.26,8.0,12.0,8799.0,"(5.96, 6.38]","(5126.2, 9317.605]"
773,4,64,Gold,HD+,5.84,5.0,12.0,10725.0,"(5.54, 5.96]","(9317.605, 13336.209]"
777,6,128,Black,HD+,6.67,16.0,48.0,17399.0,"(6.38, 6.8]","(17354.814, 21373.419]"
778,4,128,Blue,HD+,6.67,16.0,48.0,13990.0,"(6.38, 6.8]","(13336.209, 17354.814]"
779,4,64,Gold,HD+,6.67,16.0,48.0,13690.0,"(6.38, 6.8]","(13336.209, 17354.814]"
780,4,128,Gold,HD+,6.67,16.0,48.0,14640.0,"(6.38, 6.8]","(13336.209, 17354.814]"
782,2,16,Grey,HD,5.5,5.0,13.0,7499.0,"(5.12, 5.54]","(5126.2, 9317.605]"
783,6,128,Blue,HD+,6.67,16.0,48.0,15990.0,"(6.38, 6.8]","(13336.209, 17354.814]"
784,4,64,Black,HD+,6.26,32.0,12.0,10990.0,"(5.96, 6.38]","(9317.605, 13336.209]"
785,3,32,Black,HD+,6.26,32.0,12.0,8999.0,"(5.96, 6.38]","(5126.2, 9317.605]"
787,3,32,Gold,HD+,5.84,5.0,12.0,8990.0,"(5.54, 5.96]","(5126.2, 9317.605]"
789,8,128,Blue,HD+,6.67,16.0,108.0,24798.0,"(6.38, 6.8]","(21373.419, 25392.023]"
790,3,32,Blue,HD+,5.84,5.0,12.0,8990.0,"(5.54, 5.96]","(5126.2, 9317.605]"
791,3,32,Black,HD+,5.84,5.0,12.0,8999.0,"(5.54, 5.96]","(5126.2, 9317.605]"
792,4,64,Blue,HD+,5.84,5.0,12.0,10990.0,"(5.54, 5.96]","(9317.605, 13336.209]"
793,3,32,Gold,HD+,5.84,5.0,12.0,9990.0,"(5.54, 5.96]","(9317.605, 13336.209]"
798,4,64,Blue,HD+,6.67,16.0,48.0,11990.0,"(6.38, 6.8]","(9317.605, 13336.209]"
803,128,128,Black,HD,6.1,12.0,12.0,45999.0,"(5.96, 6.38]","(45485.047, 49503.651]"
804,128,128,Green,XDR,6.1,12.0,12.0,61499.0,"(5.96, 6.38]","(57540.86, 61559.465]"
805,64,64,White,HD,6.1,12.0,12.0,38999.0,"(5.96, 6.38]","(37447.837, 41466.442]"
808,128,128,Purple,XDR,6.1,12.0,12.0,71999.0,"(5.96, 6.38]","(69596.674, 73615.279]"
809,64,64,Black,HD,6.1,12.0,12.0,38999.0,"(5.96, 6.38]","(37447.837, 41466.442]"
811,128,128,White,HD,6.1,12.0,12.0,45999.0,"(5.96, 6.38]","(45485.047, 49503.651]"
812,128,128,Blue,XDR,6.1,12.0,12.0,71999.0,"(5.96, 6.38]","(69596.674, 73615.279]"
816,128,128,Blue,XDR,6.7,12.0,12.0,77999.0,"(6.38, 6.8]","(77633.884, 81652.488]"
817,128,128,Purple,XDR,6.7,12.0,12.0,77999.0,"(6.38, 6.8]","(77633.884, 81652.488]"
821,64,64,Purple,XDR,6.1,12.0,12.0,53999.0,"(5.96, 6.38]","(53522.256, 57540.86]"
822,128,128,Blue,XDR,6.1,12.0,12.0,61499.0,"(5.96, 6.38]","(57540.86, 61559.465]"
824,128,128,Purple,XDR,6.1,12.0,12.0,57999.0,"(5.96, 6.38]","(57540.86, 61559.465]"
825,64,64,Black,XDR,6.1,12.0,12.0,53999.0,"(5.96, 6.38]","(53522.256, 57540.86]"
827,256,256,Purple,XDR,6.7,12.0,12.0,87999.0,"(6.38, 6.8]","(85671.093, 89689.698]"
828,128,128,Purple,XDR,6.1,12.0,48.0,123099.0,"(5.96, 6.38]","(121838.535, 125857.14]"
829,64,64,White,XDR,6.1,12.0,12.0,53999.0,"(5.96, 6.38]","(53522.256, 57540.86]"
830,64,64,Green,XDR,6.1,12.0,12.0,53999.0,"(5.96, 6.38]","(53522.256, 57540.86]"
833,64,64,Blue,XDR,6.1,12.0,12.0,53999.0,"(5.96, 6.38]","(53522.256, 57540.86]"
834,128,128,Yellow,XDR,6.7,12.0,12.0,77999.0,"(6.38, 6.8]","(77633.884, 81652.488]"
835,256,256,Blue,XDR,6.1,12.0,12.0,81999.0,"(5.96, 6.38]","(81652.488, 85671.093]"
836,128,128,Black,XDR,6.7,12.0,48.0,128099.0,"(6.38, 6.8]","(125857.14, 129875.744]"
839,128,128,Silver,XDR,6.7,12.0,48.0,128099.0,"(6.38, 6.8]","(125857.14, 129875.744]"
841,256,256,Yellow,XDR,6.7,12.0,12.0,87999.0,"(6.38, 6.8]","(85671.093, 89689.698]"
842,512,512,Silver,XDR,6.1,12.0,12.0,125999.0,"(5.96, 6.38]","(125857.14, 129875.744]"
844,128,128,Gold,XDR,6.7,12.0,48.0,128099.0,"(6.38, 6.8]","(125857.14, 129875.744]"
847,256,256,Purple,XDR,6.1,12.0,12.0,81999.0,"(5.96, 6.38]","(81652.488, 85671.093]"
848,128,128,Purple,XDR,6.7,12.0,48.0,128099.0,"(6.38, 6.8]","(125857.14, 129875.744]"
849,128,128,Yellow,XDR,6.1,12.0,12.0,72999.0,"(5.96, 6.38]","(69596.674, 73615.279]"
852,128,128,Silver,XDR,6.1,12.0,48.0,123099.0,"(5.96, 6.38]","(121838.535, 125857.14]"
853,128,128,Black,XDR,6.1,12.0,48.0,123099.0,"(5.96, 6.38]","(121838.535, 125857.14]"
854,256,256,Blue,XDR,6.7,12.0,12.0,87999.0,"(6.38, 6.8]","(85671.093, 89689.698]"
856,512,512,Blue,XDR,6.7,12.0,12.0,107999.0,"(6.38, 6.8]","(105764.116, 109782.721]"
858,256,256,Black,XDR,6.1,12.0,48.0,133099.0,"(5.96, 6.38]","(129875.744, 133894.349]"
860,256,256,Green,XDR,6.1,12.0,12.0,66999.0,"(5.96, 6.38]","(65578.07, 69596.674]"
861,256,256,Black,XDR,6.1,12.0,12.0,66999.0,"(5.96, 6.38]","(65578.07, 69596.674]"
864,128,128,Gold,XDR,6.1,12.0,48.0,123099.0,"(5.96, 6.38]","(121838.535, 125857.14]"
865,256,256,Purple,XDR,6.1,12.0,48.0,133099.0,"(5.96, 6.38]","(129875.744, 133894.349]"
867,512,512,Black,XDR,6.1,12.0,48.0,153099.0,"(5.96, 6.38]","(149968.767, 153987.372]"
869,256,256,Blue,XDR,5.4,12.0,12.0,55999.0,"(5.12, 5.54]","(53522.256, 57540.86]"
870,512,512,Blue,XDR,6.1,12.0,12.0,85499.0,"(5.96, 6.38]","(81652.488, 85671.093]"
872,256,256,Blue,XDR,6.1,12.0,12.0,66999.0,"(5.96, 6.38]","(65578.07, 69596.674]"
873,512,512,Gold,XDR,6.1,12.0,12.0,125999.0,"(5.96, 6.38]","(125857.14, 129875.744]"
874,256,256,Blue,XDR,6.1,12.0,12.0,71499.0,"(5.96, 6.38]","(69596.674, 73615.279]"
875,256,256,Silver,XDR,6.1,12.0,48.0,133099.0,"(5.96, 6.38]","(129875.744, 133894.349]"
879,512,512,Purple,XDR,6.7,12.0,12.0,107999.0,"(6.38, 6.8]","(105764.116, 109782.721]"
881,256,256,Black,XDR,5.4,12.0,12.0,55999.0,"(5.12, 5.54]","(53522.256, 57540.86]"
883,512,512,Silver,XDR,6.1,12.0,12.0,106699.0,"(5.96, 6.38]","(105764.116, 109782.721]"
884,1,1,Green,XDR,6.7,12.0,12.0,155999.0,"(6.38, 6.8]","(153987.372, 158005.977]"
887,512,512,Green,XDR,6.1,12.0,12.0,85499.0,"(5.96, 6.38]","(81652.488, 85671.093]"
888,256,256,Yellow,XDR,6.1,12.0,12.0,82999.0,"(5.96, 6.38]","(81652.488, 85671.093]"
889,512,512,Green,XDR,5.4,12.0,12.0,89999.0,"(5.12, 5.54]","(89689.698, 93708.302]"
890,1,1,Silver,XDR,6.7,12.0,12.0,155999.0,"(6.38, 6.8]","(153987.372, 158005.977]"
891,1,1,Blue,XDR,6.1,12.0,12.0,144999.0,"(5.96, 6.38]","(141931.558, 145950.163]"
893,512,512,Purple,XDR,6.1,12.0,48.0,153099.0,"(5.96, 6.38]","(149968.767, 153987.372]"
894,512,512,Purple,XDR,6.1,12.0,12.0,101999.0,"(5.96, 6.38]","(101745.512, 105764.116]"
897,512,512,Blue,XDR,6.1,12.0,12.0,101999.0,"(5.96, 6.38]","(101745.512, 105764.116]"
898,64,64,Green,XDR,6.5,12.0,12.0,95699.0,"(6.38, 6.8]","(93708.302, 97726.907]"
899,512,512,Silver,XDR,6.1,12.0,48.0,153099.0,"(5.96, 6.38]","(149968.767, 153987.372]"
900,256,256,Gold,XDR,6.1,12.0,48.0,133099.0,"(5.96, 6.38]","(129875.744, 133894.349]"
902,512,512,Gold,XDR,6.7,12.0,12.0,134999.0,"(6.38, 6.8]","(133894.349, 137912.953]"
903,512,512,Blue,XDR,6.7,12.0,12.0,134999.0,"(6.38, 6.8]","(133894.349, 137912.953]"
904,32,32,Silver,HD,4.7,5.0,12.0,29990.0,"(4.698, 5.12]","(29410.628, 33429.233]"
906,512,512,Gold,XDR,6.1,12.0,48.0,153099.0,"(5.96, 6.38]","(149968.767, 153987.372]"
908,64,64,Yellow,HD,6.1,12.0,12.0,42999.0,"(5.96, 6.38]","(41466.442, 45485.047]"
909,128,128,Purple,HD,6.1,12.0,12.0,47999.0,"(5.96, 6.38]","(45485.047, 49503.651]"
911,64,64,Green,HD,6.1,12.0,12.0,42999.0,"(5.96, 6.38]","(41466.442, 45485.047]"
912,256,256,Purple,XDR,6.7,12.0,48.0,138099.0,"(6.38, 6.8]","(137912.953, 141931.558]"
913,256,256,Green,XDR,6.1,12.0,12.0,71499.0,"(5.96, 6.38]","(69596.674, 73615.279]"
914,64,64,Black,XDR,5.4,12.0,12.0,49999.0,"(5.12, 5.54]","(49503.651, 53522.256]"
915,256,256,Silver,XDR,6.7,12.0,48.0,138099.0,"(6.38, 6.8]","(137912.953, 141931.558]"
917,256,256,Black,XDR,6.7,12.0,48.0,138099.0,"(6.38, 6.8]","(137912.953, 141931.558]"
920,128,128,Green,XDR,5.4,12.0,12.0,54999.0,"(5.12, 5.54]","(53522.256, 57540.86]"
921,256,256,White,HD,4.7,7.0,12.0,40990.0,"(4.698, 5.12]","(37447.837, 41466.442]"
922,128,128,Green,XDR,6.1,12.0,12.0,119900.0,"(5.96, 6.38]","(117819.93, 121838.535]"
923,64,64,Black,HD,4.7,7.0,12.0,28990.0,"(4.698, 5.12]","(25392.023, 29410.628]"
924,128,128,Silver,XDR,6.7,12.0,12.0,129900.0,"(6.38, 6.8]","(129875.744, 133894.349]"
927,1,1,Gold,XDR,6.7,12.0,12.0,155999.0,"(6.38, 6.8]","(153987.372, 158005.977]"
930,64,64,Grey,XDR,6.5,12.0,12.0,95699.0,"(6.38, 6.8]","(93708.302, 97726.907]"
931,512,512,Silver,XDR,6.7,12.0,12.0,134999.0,"(6.38, 6.8]","(133894.349, 137912.953]"
932,512,512,Gold,XDR,6.1,12.0,12.0,106699.0,"(5.96, 6.38]","(105764.116, 109782.721]"
933,32,32,Gold,HD,4.7,2.0,8.0,28130.0,"(4.698, 5.12]","(25392.023, 29410.628]"
934,16,16,Grey,HD,4.7,2.0,8.0,52000.0,"(4.698, 5.12]","(49503.651, 53522.256]"
935,512,512,Green,XDR,6.7,12.0,12.0,134999.0,"(6.38, 6.8]","(133894.349, 137912.953]"
936,64,64,Gold,HD,5.5,7.0,12.0,49900.0,"(5.12, 5.54]","(49503.651, 53522.256]"
937,1,1,Silver,XDR,6.1,12.0,48.0,173099.0,"(5.96, 6.38]","(170061.791, 174080.395]"
938,1,1,Green,XDR,6.1,12.0,12.0,144999.0,"(5.96, 6.38]","(141931.558, 145950.163]"
939,64,64,Grey,HD,5.5,7.0,12.0,49900.0,"(5.12, 5.54]","(49503.651, 53522.256]"
940,256,256,Gold,HD,4.7,7.0,12.0,77000.0,"(4.698, 5.12]","(73615.279, 77633.884]"
941,64,64,Gold,HD,4.7,7.0,12.0,39900.0,"(4.698, 5.12]","(37447.837, 41466.442]"
942,128,128,Gold,XDR,6.7,12.0,12.0,129900.0,"(6.38, 6.8]","(129875.744, 133894.349]"
943,256,256,Silver,HD,4.7,7.0,12.0,77000.0,"(4.698, 5.12]","(73615.279, 77633.884]"
944,64,64,Grey,HD,6.5,7.0,12.0,109900.0,"(6.38, 6.8]","(109782.721, 113801.326]"
945,32,32,Grey,HD,4.7,2.0,8.0,30780.0,"(4.698, 5.12]","(29410.628, 33429.233]"
946,128,128,Gold,XDR,6.1,12.0,12.0,119900.0,"(5.96, 6.38]","(117819.93, 121838.535]"
948,16,16,Grey,Retina,6.1,2.0,8.0,25000.0,"(5.96, 6.38]","(21373.419, 25392.023]"
949,32,32,Gold,HD,5.5,5.0,12.0,34900.0,"(5.12, 5.54]","(33429.233, 37447.837]"
953,64,64,Green,XDR,5.8,12.0,12.0,87099.0,"(5.54, 5.96]","(85671.093, 89689.698]"
954,256,256,Grey,HD,6.5,7.0,12.0,124900.0,"(6.38, 6.8]","(121838.535, 125857.14]"
955,64,64,Silver,HD,4.7,7.0,12.0,39900.0,"(4.698, 5.12]","(37447.837, 41466.442]"
956,256,256,Grey,HD,5.5,7.0,12.0,84900.0,"(5.12, 5.54]","(81652.488, 85671.093]"
957,512,512,Grey,HD,5.8,7.0,12.0,134900.0,"(5.54, 5.96]","(133894.349, 137912.953]"
959,256,256,Silver,HD,5.5,7.0,12.0,84900.0,"(5.12, 5.54]","(81652.488, 85671.093]"
960,256,256,Green,XDR,6.7,12.0,12.0,139900.0,"(6.38, 6.8]","(137912.953, 141931.558]"
961,1,1,Black,XDR,6.1,12.0,48.0,173099.0,"(5.96, 6.38]","(170061.791, 174080.395]"
962,64,64,Silver,HD,5.5,7.0,12.0,49900.0,"(5.12, 5.54]","(49503.651, 53522.256]"
963,512,512,Gold,HD,5.8,7.0,12.0,134900.0,"(5.54, 5.96]","(133894.349, 137912.953]"
964,256,256,Gold,HD,6.5,7.0,12.0,124900.0,"(6.38, 6.8]","(121838.535, 125857.14]"
965,1,1,Blue,XDR,6.7,12.0,12.0,155999.0,"(6.38, 6.8]","(153987.372, 158005.977]"
966,1,1,Gold,XDR,6.1,12.0,12.0,144999.0,"(5.96, 6.38]","(141931.558, 145950.163]"
967,64,64,White,XDR,5.4,12.0,12.0,49999.0,"(5.12, 5.54]","(49503.651, 53522.256]"
968,256,256,Blue,XDR,6.7,12.0,12.0,139900.0,"(6.38, 6.8]","(137912.953, 141931.558]"
969,128,128,Green,XDR,6.7,12.0,12.0,129900.0,"(6.38, 6.8]","(129875.744, 133894.349]"
972,128,128,Blue,XDR,5.4,12.0,12.0,54999.0,"(5.12, 5.54]","(53522.256, 57540.86]"
973,128,128,Gold,XDR,6.1,12.0,12.0,78899.0,"(5.96, 6.38]","(77633.884, 81652.488]"
974,1,1,Silver,XDR,6.7,12.0,48.0,178099.0,"(6.38, 6.8]","(174080.395, 178099.0]"
975,32,32,Black,HD,4.7,7.0,12.0,31500.0,"(4.698, 5.12]","(29410.628, 33429.233]"
983,256,256,Black,HD,4.7,7.0,12.0,40990.0,"(4.698, 5.12]","(37447.837, 41466.442]"
984,512,512,Green,XDR,6.1,12.0,12.0,125999.0,"(5.96, 6.38]","(125857.14, 129875.744]"
985,16,16,Grey,HD,5.5,2.0,8.0,39999.0,"(5.12, 5.54]","(37447.837, 41466.442]"
989,256,256,Green,XDR,5.4,12.0,12.0,71999.0,"(5.12, 5.54]","(69596.674, 73615.279]"
990,512,512,Black,XDR,6.7,12.0,48.0,158099.0,"(6.38, 6.8]","(158005.977, 162024.581]"
991,128,128,Yellow,HD,6.1,12.0,12.0,47999.0,"(5.96, 6.38]","(45485.047, 49503.651]"
992,512,512,Silver,XDR,6.7,12.0,48.0,158099.0,"(6.38, 6.8]","(158005.977, 162024.581]"
993,128,128,Black,XDR,5.4,12.0,12.0,54999.0,"(5.12, 5.54]","(53522.256, 57540.86]"
994,512,512,Yellow,XDR,6.7,12.0,12.0,107999.0,"(6.38, 6.8]","(105764.116, 109782.721]"
995,64,64,Purple,XDR,5.4,12.0,12.0,49999.0,"(5.12, 5.54]","(49503.651, 53522.256]"
996,128,128,Green,XDR,6.1,12.0,12.0,57999.0,"(5.96, 6.38]","(57540.86, 61559.465]"
998,32,32,Gold,HD,4.7,5.0,12.0,29990.0,"(4.698, 5.12]","(29410.628, 33429.233]"
999,256,256,Gold,XDR,6.1,12.0,12.0,88199.0,"(5.96, 6.38]","(85671.093, 89689.698]"
1000,32,32,Gold,HD,4.7,7.0,12.0,31500.0,"(4.698, 5.12]","(29410.628, 33429.233]"
1007,128,128,Green,HD,6.1,12.0,12.0,47999.0,"(5.96, 6.38]","(45485.047, 49503.651]"
1009,512,512,Silver,HD,6.5,7.0,12.0,144900.0,"(6.38, 6.8]","(141931.558, 145950.163]"
1010,256,256,Black,HD,5.5,7.0,12.0,85400.0,"(5.12, 5.54]","(81652.488, 85671.093]"
1011,256,256,Silver,XDR,5.8,12.0,12.0,100699.0,"(5.54, 5.96]","(97726.907, 101745.512]"
1012,16,16,Gold,HD,5.5,5.0,12.0,49999.0,"(5.12, 5.54]","(49503.651, 53522.256]"
1014,32,32,Black,HD,4.7,7.0,12.0,31500.0,"(4.698, 5.12]","(29410.628, 33429.233]"
1015,256,256,Grey,XDR,5.8,12.0,12.0,100699.0,"(5.54, 5.96]","(97726.907, 101745.512]"
1017,512,512,Grey,HD,6.5,7.0,12.0,144900.0,"(6.38, 6.8]","(141931.558, 145950.163]"
1018,512,512,Silver,XDR,5.8,12.0,12.0,140300.0,"(5.54, 5.96]","(137912.953, 141931.558]"
1022,512,512,Gold,XDR,5.8,12.0,12.0,140300.0,"(5.54, 5.96]","(137912.953, 141931.558]"
1027,64,64,Gold,HD,5.5,5.0,12.0,59999.0,"(5.12, 5.54]","(57540.86, 61559.465]"
1028,256,256,Purple,XDR,6.1,12.0,12.0,66999.0,"(5.96, 6.38]","(65578.07, 69596.674]"
1030,32,32,Grey,HD,5.5,5.0,12.0,34900.0,"(5.12, 5.54]","(33429.233, 37447.837]"
1033,64,64,Grey,HD,4.7,5.0,12.0,49999.0,"(4.698, 5.12]","(49503.651, 53522.256]"
1034,16,16,Gold,HD,4.7,5.0,12.0,31999.0,"(4.698, 5.12]","(29410.628, 33429.233]"
1035,128,128,Purple,XDR,5.4,12.0,12.0,54999.0,"(5.12, 5.54]","(53522.256, 57540.86]"
1036,128,128,Gold,HD,4.7,2.0,8.0,49999.0,"(4.698, 5.12]","(49503.651, 53522.256]"
1037,64,64,Silver,HD,4.7,5.0,12.0,49999.0,"(4.698, 5.12]","(49503.651, 53522.256]"
1038,512,512,Blue,XDR,5.4,12.0,12.0,89999.0,"(5.12, 5.54]","(89689.698, 93708.302]"
1040,32,32,Silver,HD,5.5,5.0,12.0,34900.0,"(5.12, 5.54]","(33429.233, 37447.837]"
1041,64,64,Silver,HD,5.5,5.0,12.0,59999.0,"(5.12, 5.54]","(57540.86, 61559.465]"
1042,128,128,Silver,XDR,6.1,12.0,12.0,78899.0,"(5.96, 6.38]","(77633.884, 81652.488]"
1043,128,128,White,HD,4.7,7.0,12.0,32990.0,"(4.698, 5.12]","(29410.628, 33429.233]"
1044,512,512,Blue,XDR,6.1,12.0,12.0,125999.0,"(5.96, 6.38]","(125857.14, 129875.744]"
1045,64,64,Gold,HD,5.5,5.0,12.0,59999.0,"(5.12, 5.54]","(57540.86, 61559.465]"
1046,256,256,Silver,XDR,6.1,12.0,12.0,129900.0,"(5.96, 6.38]","(129875.744, 133894.349]"
1047,64,64,Purple,HD,6.1,12.0,12.0,42999.0,"(5.96, 6.38]","(41466.442, 45485.047]"
1049,32,32,Black,HD,5.488,7.0,12.0,37900.0,"(5.12, 5.54]","(37447.837, 41466.442]"
1050,256,256,Grey,XDR,6.5,12.0,12.0,131900.0,"(6.38, 6.8]","(129875.744, 133894.349]"
1053,512,512,Gold,HD,6.5,7.0,12.0,144900.0,"(6.38, 6.8]","(141931.558, 145950.163]"
1054,16,16,Silver,HD,4.7,2.0,8.0,36990.0,"(4.698, 5.12]","(33429.233, 37447.837]"
1055,64,64,Silver,HD,6.5,7.0,12.0,109900.0,"(6.38, 6.8]","(109782.721, 113801.326]"
1056,32,32,Gold,HD,5.5,5.0,12.0,34900.0,"(5.12, 5.54]","(33429.233, 37447.837]"
1057,64,64,Gold,HD,4.7,5.0,12.0,49999.0,"(4.698, 5.12]","(49503.651, 53522.256]"
1058,16,16,Gold,HD,5.5,5.0,12.0,49999.0,"(5.12, 5.54]","(49503.651, 53522.256]"
1059,16,16,Silver,HD,4.7,5.0,12.0,41999.0,"(4.698, 5.12]","(41466.442, 45485.047]"
1060,128,128,Gold,HD,4.7,5.0,12.0,55999.0,"(4.698, 5.12]","(53522.256, 57540.86]"
1062,128,128,White,HD,4.7,7.0,12.0,32990.0,"(4.698, 5.12]","(29410.628, 33429.233]"
1063,256,256,Black,HD,5.5,7.0,12.0,85400.0,"(5.12, 5.54]","(81652.488, 85671.093]"
1064,64,64,White,HD,4.7,7.0,12.0,28990.0,"(4.698, 5.12]","(25392.023, 29410.628]"
1065,256,256,Black,HD,4.7,7.0,12.0,40990.0,"(4.698, 5.12]","(37447.837, 41466.442]"
1066,256,256,Blue,XDR,6.1,12.0,12.0,129900.0,"(5.96, 6.38]","(129875.744, 133894.349]"
1067,64,64,Green,XDR,5.4,12.0,12.0,49999.0,"(5.12, 5.54]","(49503.651, 53522.256]"
1069,128,128,Silver,HD,4.7,5.0,12.0,55999.0,"(4.698, 5.12]","(53522.256, 57540.86]"
1070,128,128,Blue,XDR,5.4,12.0,12.0,61999.0,"(5.12, 5.54]","(61559.465, 65578.07]"
1073,256,256,Silver,XDR,6.5,12.0,12.0,131900.0,"(6.38, 6.8]","(129875.744, 133894.349]"
1074,64,64,Grey,HD,4.7,2.0,8.0,44999.0,"(4.698, 5.12]","(41466.442, 45485.047]"
1077,512,512,Yellow,XDR,6.1,12.0,12.0,102999.0,"(5.96, 6.38]","(101745.512, 105764.116]"
1078,16,16,Gold,HD,4.7,5.0,12.0,41999.0,"(4.698, 5.12]","(41466.442, 45485.047]"
1079,256,256,Gold,XDR,6.5,12.0,12.0,131900.0,"(6.38, 6.8]","(129875.744, 133894.349]"
1080,256,256,White,XDR,6.1,12.0,12.0,66999.0,"(5.96, 6.38]","(65578.07, 69596.674]"
1081,32,32,Gold,HD,4.7,5.0,12.0,29990.0,"(4.698, 5.12]","(29410.628, 33429.233]"
1082,64,64,Gold,XDR,5.8,12.0,12.0,87099.0,"(5.54, 5.96]","(85671.093, 89689.698]"
1084,256,256,White,XDR,5.4,12.0,12.0,55999.0,"(5.12, 5.54]","(53522.256, 57540.86]"
1085,256,256,Green,XDR,6.1,12.0,12.0,129900.0,"(5.96, 6.38]","(129875.744, 133894.349]"
1087,512,512,Gold,XDR,6.7,12.0,48.0,158099.0,"(6.38, 6.8]","(158005.977, 162024.581]"
1089,128,128,Gold,HD,4.7,5.0,12.0,55999.0,"(4.698, 5.12]","(53522.256, 57540.86]"
1092,128,128,Black,HD,4.7,7.0,12.0,34900.0,"(4.698, 5.12]","(33429.233, 37447.837]"
1096,256,256,Grey,HD,5.8,7.0,12.0,103900.0,"(5.54, 5.96]","(101745.512, 105764.116]"
1098,128,128,White,XDR,6.1,12.0,12.0,57999.0,"(5.96, 6.38]","(57540.86, 61559.465]"
1099,128,128,Black,HD,4.7,7.0,12.0,32990.0,"(4.698, 5.12]","(29410.628, 33429.233]"
1100,256,256,Purple,XDR,5.4,12.0,12.0,55999.0,"(5.12, 5.54]","(53522.256, 57540.86]"
1103,256,256,Green,XDR,6.5,12.0,12.0,101999.0,"(6.38, 6.8]","(101745.512, 105764.116]"
1104,256,256,Gold,HD,5.5,7.0,12.0,85400.0,"(5.12, 5.54]","(81652.488, 85671.093]"
1106,32,32,White,Retina,4.7,2.0,8.0,53500.0,"(4.698, 5.12]","(49503.651, 53522.256]"
1108,128,128,White,XDR,5.4,12.0,12.0,54999.0,"(5.12, 5.54]","(53522.256, 57540.86]"
1109,8,8,Blue,Retina,5.4,2.0,8.0,14999.0,"(5.12, 5.54]","(13336.209, 17354.814]"
1110,8,8,White,Retina,5.4,2.0,8.0,14999.0,"(5.12, 5.54]","(13336.209, 17354.814]"
1112,256,256,Silver,HD,4.7,7.0,12.0,74400.0,"(4.698, 5.12]","(73615.279, 77633.884]"
1113,128,128,Gold,HD,5.488,7.0,12.0,42900.0,"(5.12, 5.54]","(41466.442, 45485.047]"
1115,128,128,Gold,HD,4.7,7.0,12.0,34900.0,"(4.698, 5.12]","(33429.233, 37447.837]"
1117,64,64,Silver,HD,5.5,2.0,8.0,48999.0,"(5.12, 5.54]","(45485.047, 49503.651]"
1120,64,64,Grey,HD,4.7,7.0,12.0,39900.0,"(4.698, 5.12]","(37447.837, 41466.442]"
1122,512,512,Grey,XDR,6.5,12.0,12.0,150800.0,"(6.38, 6.8]","(149968.767, 153987.372]"
1123,512,512,Blue,XDR,6.1,12.0,12.0,106699.0,"(5.96, 6.38]","(105764.116, 109782.721]"
1124,64,64,Gold,HD,6.5,7.0,12.0,109900.0,"(6.38, 6.8]","(109782.721, 113801.326]"
1125,256,256,Gold,HD,4.7,7.0,12.0,74400.0,"(4.698, 5.12]","(73615.279, 77633.884]"
1128,256,256,Silver,HD,5.8,7.0,12.0,103900.0,"(5.54, 5.96]","(101745.512, 105764.116]"
1138,1,1,Purple,XDR,6.7,12.0,48.0,178099.0,"(6.38, 6.8]","(174080.395, 178099.0]"
1144,512,512,Silver,HD,5.8,7.0,12.0,134900.0,"(5.54, 5.96]","(133894.349, 137912.953]"
1145,256,256,White,HD,4.7,7.0,12.0,40990.0,"(4.698, 5.12]","(37447.837, 41466.442]"
1147,128,128,Grey,HD,5.5,5.0,12.0,92000.0,"(5.12, 5.54]","(89689.698, 93708.302]"
1148,256,256,Gold,HD,5.5,7.0,12.0,85400.0,"(5.12, 5.54]","(81652.488, 85671.093]"
1149,128,128,Black,HD,4.7,7.0,12.0,32990.0,"(4.698, 5.12]","(29410.628, 33429.233]"
1150,128,128,Silver,HD,4.7,7.0,12.0,34900.0,"(4.698, 5.12]","(33429.233, 37447.837]"
1153,128,128,Grey,HD,4.7,5.0,12.0,82000.0,"(4.698, 5.12]","(81652.488, 85671.093]"
1154,8,8,Yellow,Retina,4.7,2.0,8.0,37500.0,"(4.698, 5.12]","(37447.837, 41466.442]"
1155,256,256,Gold,HD,4.7,7.0,12.0,74400.0,"(4.698, 5.12]","(73615.279, 77633.884]"
1158,128,128,Blue,XDR,6.1,12.0,12.0,119900.0,"(5.96, 6.38]","(117819.93, 121838.535]"
1159,32,32,Gold,HD,5.488,7.0,12.0,37900.0,"(5.12, 5.54]","(37447.837, 41466.442]"
1160,128,128,Gold,HD,5.488,7.0,12.0,42900.0,"(5.12, 5.54]","(41466.442, 45485.047]"
1161,128,128,Gold,HD,5.5,5.0,12.0,70000.0,"(5.12, 5.54]","(69596.674, 73615.279]"
1163,64,64,Gold,HD,5.8,7.0,12.0,89900.0,"(5.54, 5.96]","(89689.698, 93708.302]"
1164,256,256,Black,HD,4.7,7.0,12.0,74400.0,"(4.698, 5.12]","(73615.279, 77633.884]"
1166,16,16,Grey,HD,5.5,5.0,12.0,72000.0,"(5.12, 5.54]","(69596.674, 73615.279]"
1167,64,64,Silver,XDR,5.8,12.0,12.0,106600.0,"(5.54, 5.96]","(105764.116, 109782.721]"
1169,128,128,Blue,XDR,6.7,12.0,12.0,129900.0,"(6.38, 6.8]","(129875.744, 133894.349]"
1170,128,128,Gold,XDR,6.7,12.0,12.0,95599.0,"(6.38, 6.8]","(93708.302, 97726.907]"
1171,256,256,Gold,XDR,5.8,12.0,12.0,121300.0,"(5.54, 5.96]","(117819.93, 121838.535]"
1172,512,512,Purple,XDR,6.7,12.0,48.0,158099.0,"(6.38, 6.8]","(158005.977, 162024.581]"
1175,512,512,Gold,XDR,6.7,12.0,12.0,123299.0,"(6.38, 6.8]","(121838.535, 125857.14]"
1177,128,128,Grey,HD,5.5,2.0,8.0,80500.0,"(5.12, 5.54]","(77633.884, 81652.488]"
1178,64,64,Gold,HD,5.5,2.0,8.0,71500.0,"(5.12, 5.54]","(69596.674, 73615.279]"
1179,64,64,Silver,HD,5.8,7.0,12.0,91900.0,"(5.54, 5.96]","(89689.698, 93708.302]"
1181,256,256,Silver,HD,5.8,7.0,12.0,106900.0,"(5.54, 5.96]","(105764.116, 109782.721]"
1183,128,128,Black,XDR,6.1,12.0,12.0,57999.0,"(5.96, 6.38]","(57540.86, 61559.465]"
1213,1,1,Gold,XDR,6.7,12.0,48.0,178099.0,"(6.38, 6.8]","(174080.395, 178099.0]"
1215,64,64,Gold,HD,4.7,2.0,8.0,62500.0,"(4.698, 5.12]","(61559.465, 65578.07]"
1217,256,256,Gold,XDR,6.1,12.0,12.0,129900.0,"(5.96, 6.38]","(129875.744, 133894.349]"
1218,128,128,Silver,HD,5.5,2.0,8.0,48999.0,"(5.12, 5.54]","(45485.047, 49503.651]"
1227,256,256,Silver,XDR,6.7,12.0,12.0,129900.0,"(6.38, 6.8]","(129875.744, 133894.349]"
1229,128,128,Silver,XDR,6.7,12.0,12.0,95599.0,"(6.38, 6.8]","(93708.302, 97726.907]"
1230,256,256,Black,HD,4.7,7.0,12.0,74400.0,"(4.698, 5.12]","(73615.279, 77633.884]"
1234,16,16,Grey,HD,4.7,5.0,12.0,62000.0,"(4.698, 5.12]","(61559.465, 65578.07]"
1236,128,128,Blue,XDR,6.1,12.0,12.0,78899.0,"(5.96, 6.38]","(77633.884, 81652.488]"
1237,128,128,Gold,HD,5.5,2.0,8.0,80500.0,"(5.12, 5.54]","(77633.884, 81652.488]"
1243,512,512,Blue,XDR,6.7,12.0,12.0,123299.0,"(6.38, 6.8]","(121838.535, 125857.14]"
1246,128,128,Blue,XDR,6.1,12.0,12.0,57999.0,"(5.96, 6.38]","(57540.86, 61559.465]"
1302,8,256,Blue,HD+,6.67,16.0,48.0,45999.0,"(6.38, 6.8]","(45485.047, 49503.651]"
1339,8,128,Green,HD+,6.78,16.0,48.0,54999.0,"(6.38, 6.8]","(53522.256, 57540.86]"
1354,12,256,Green,HD+,6.78,16.0,48.0,59990.0,"(6.38, 6.8]","(57540.86, 61559.465]"
1358,6,64,Blue,HD+,6.44,32.0,48.0,24999.0,"(6.38, 6.8]","(21373.419, 25392.023]"
1359,12,256,Blue,HD+,6.44,32.0,48.0,29999.0,"(6.38, 6.8]","(29410.628, 33429.233]"
1361,8,128,Blue,HD+,6.44,32.0,48.0,27999.0,"(6.38, 6.8]","(25392.023, 29410.628]"
1367,12,256,Black,HD+,6.78,16.0,48.0,49990.0,"(6.38, 6.8]","(49503.651, 53522.256]"
1368,8,128,Black,HD+,6.78,16.0,48.0,45999.0,"(6.38, 6.8]","(45485.047, 49503.651]"
1376,4,64,Blue,HD+,6.7,5.0,50.0,9499.0,"(6.38, 6.8]","(9317.605, 13336.209]"
1377,4,64,Black,HD+,6.7,5.0,50.0,9499.0,"(6.38, 6.8]","(9317.605, 13336.209]"
1378,4,64,Black,HD+,6.7,5.0,50.0,9499.0,"(6.38, 6.8]","(9317.605, 13336.209]"
1379,4,64,Orange,HD+,6.7,5.0,50.0,9499.0,"(6.38, 6.8]","(9317.605, 13336.209]"
1380,4,64,Green,HD+,6.7,5.0,50.0,9499.0,"(6.38, 6.8]","(9317.605, 13336.209]"
1381,8,128,Blue,AMOLED,6.7,50.0,50.0,32999.0,"(6.38, 6.8]","(29410.628, 33429.233]"
1382,8,128,Black,AMOLED,6.7,50.0,50.0,32999.0,"(6.38, 6.8]","(29410.628, 33429.233]"
1387,4,64,Blue,HD+,6.58,8.0,50.0,11999.0,"(6.38, 6.8]","(9317.605, 13336.209]"
1388,4,64,Black,HD+,6.58,8.0,50.0,11999.0,"(6.38, 6.8]","(9317.605, 13336.209]"
1389,4,128,Black,HD+,6.58,8.0,50.0,12999.0,"(6.38, 6.8]","(9317.605, 13336.209]"
1391,6,128,Black,HD+,6.58,8.0,50.0,14999.0,"(6.38, 6.8]","(13336.209, 17354.814]"
1392,4,128,Blue,HD+,6.58,8.0,50.0,12999.0,"(6.38, 6.8]","(9317.605, 13336.209]"
1393,6,128,Blue,HD+,6.58,8.0,50.0,14999.0,"(6.38, 6.8]","(13336.209, 17354.814]"
1394,3,64,Blue,HD+,6.56,5.0,8.0,9499.0,"(6.38, 6.8]","(9317.605, 13336.209]"
1395,3,64,Gold,HD+,6.56,5.0,8.0,9499.0,"(6.38, 6.8]","(9317.605, 13336.209]"
1396,6,128,Black,HD+,6.7,5.0,50.0,11999.0,"(6.38, 6.8]","(9317.605, 13336.209]"
1401,4,64,Orange,HD+,6.56,5.0,50.0,12499.0,"(6.38, 6.8]","(9317.605, 13336.209]"
1402,4,64,Black,HD+,6.56,5.0,50.0,12499.0,"(6.38, 6.8]","(9317.605, 13336.209]"
1403,6,128,Purple,HD,6.67,16.0,50.0,24999.0,"(6.38, 6.8]","(21373.419, 25392.023]"
1404,3,64,Blue,HD+,6.56,5.0,8.0,9499.0,"(6.38, 6.8]","(9317.605, 13336.209]"
1405,6,128,Green,HD+,6.7,5.0,50.0,11999.0,"(6.38, 6.8]","(9317.605, 13336.209]"
1408,8,256,Blue,HD,6.67,16.0,50.0,27999.0,"(6.38, 6.8]","(25392.023, 29410.628]"
1410,6,128,Blue,HD,6.67,16.0,50.0,24999.0,"(6.38, 6.8]","(21373.419, 25392.023]"
1412,6,128,Black,HD,6.67,16.0,50.0,24999.0,"(6.38, 6.8]","(21373.419, 25392.023]"
1413,8,256,Black,HD,6.67,16.0,50.0,27999.0,"(6.38, 6.8]","(25392.023, 29410.628]"
1414,8,256,Blue,HD+,6.67,16.0,200.0,29999.0,"(6.38, 6.8]","(29410.628, 33429.233]"
1415,8,256,Purple,HD,6.67,16.0,50.0,27999.0,"(6.38, 6.8]","(25392.023, 29410.628]"
1416,6,128,Blue,HD+,6.7,5.0,50.0,11999.0,"(6.38, 6.8]","(9317.605, 13336.209]"
1417,3,32,Green,HD+,6.51,8.0,13.0,9499.0,"(6.38, 6.8]","(9317.605, 13336.209]"
1418,12,256,Black,HD+,6.67,16.0,200.0,32999.0,"(6.38, 6.8]","(29410.628, 33429.233]"
1419,3,32,Grey,HD+,6.51,5.0,8.0,8999.0,"(6.38, 6.8]","(5126.2, 9317.605]"
1420,6,64,White,AMOLED,6.43,13.0,64.0,12999.0,"(6.38, 6.8]","(9317.605, 13336.209]"
1421,6,128,Gold,HD+,6.43,16.0,48.0,15990.0,"(6.38, 6.8]","(13336.209, 17354.814]"
1422,3,32,Blue,HD+,6.51,5.0,8.0,8999.0,"(6.38, 6.8]","(5126.2, 9317.605]"
1433,4,64,Blue,HD+,6.56,5.0,50.0,12599.0,"(6.38, 6.8]","(9317.605, 13336.209]"
1442,8,128,Black,HD+,6.58,16.0,50.0,18499.0,"(6.38, 6.8]","(17354.814, 21373.419]"
1443,8,128,Black,HD+,6.7,32.0,108.0,29999.0,"(6.38, 6.8]","(29410.628, 33429.233]"
1444,8,128,Gold,HD+,6.7,32.0,108.0,29999.0,"(6.38, 6.8]","(29410.628, 33429.233]"
1445,8,128,Black,HD+,6.58,16.0,50.0,18990.0,"(6.38, 6.8]","(17354.814, 21373.419]"
1446,8,128,Gold,HD+,6.58,16.0,50.0,18499.0,"(6.38, 6.8]","(17354.814, 21373.419]"
1447,4,64,Green,HD+,6.55,8.0,50.0,14499.0,"(6.38, 6.8]","(13336.209, 17354.814]"
1448,4,64,Blue,HD+,6.55,8.0,50.0,14499.0,"(6.38, 6.8]","(13336.209, 17354.814]"
1449,4,64,Black,HD+,6.51,5.0,13.0,12499.0,"(6.38, 6.8]","(9317.605, 13336.209]"
1452,8,128,Orange,HD+,6.56,8.0,50.0,17999.0,"(6.38, 6.8]","(17354.814, 21373.419]"
1454,6,128,Green,HD+,6.55,8.0,50.0,16499.0,"(6.38, 6.8]","(13336.209, 17354.814]"
1456,6,128,Blue,HD+,6.43,16.0,48.0,14990.0,"(6.38, 6.8]","(13336.209, 17354.814]"
1457,3,64,Black,HD+,6.51,5.0,13.0,10999.0,"(6.38, 6.8]","(9317.605, 13336.209]"
1458,3,32,Black,HD+,6.51,5.0,13.0,9999.0,"(6.38, 6.8]","(9317.605, 13336.209]"
1459,3,64,Gold,HD+,6.51,5.0,13.0,10928.0,"(6.38, 6.8]","(9317.605, 13336.209]"
1460,6,128,Blue,HD+,6.55,8.0,50.0,16499.0,"(6.38, 6.8]","(13336.209, 17354.814]"
1466,6,128,Black,HD+,6.43,16.0,48.0,14990.0,"(6.38, 6.8]","(13336.209, 17354.814]"
1467,8,128,Black,AMOLED,6.44,16.0,64.0,24999.0,"(6.38, 6.8]","(21373.419, 25392.023]"
1468,4,64,Gold,HD+,6.51,5.0,13.0,12499.0,"(6.38, 6.8]","(9317.605, 13336.209]"
1470,8,128,Black,HD+,6.56,8.0,50.0,17999.0,"(6.38, 6.8]","(17354.814, 21373.419]"
1471,4,64,Green,HD+,6.53,5.0,13.0,7699.0,"(6.38, 6.8]","(5126.2, 9317.605]"
1472,8,128,Black,AMOLED,6.43,13.0,64.0,16499.0,"(6.38, 6.8]","(13336.209, 17354.814]"
1474,8,128,Black,HD+,6.58,16.0,50.0,19999.0,"(6.38, 6.8]","(17354.814, 21373.419]"
1476,2,32,Blue,HD+,6.52,5.0,8.0,7499.0,"(6.38, 6.8]","(5126.2, 9317.605]"
1477,8,128,Black,HD,6.43,32.0,50.0,29999.0,"(6.38, 6.8]","(29410.628, 33429.233]"
1478,8,128,Gold,HD,6.43,32.0,50.0,29999.0,"(6.38, 6.8]","(29410.628, 33429.233]"
1479,6,128,Green,HD+,6.53,5.0,13.0,11499.0,"(6.38, 6.8]","(9317.605, 13336.209]"
1490,3,32,Blue,HD+,6.51,8.0,13.0,9499.0,"(6.38, 6.8]","(9317.605, 13336.209]"
1492,12,256,Blue,AMOLED,6.43,50.0,50.0,36999.0,"(6.38, 6.8]","(33429.233, 37447.837]"
1498,6,128,Black,HD+,6.43,16.0,48.0,16990.0,"(6.38, 6.8]","(13336.209, 17354.814]"
1502,12,256,Blue,HD+,6.67,16.0,200.0,32999.0,"(6.38, 6.8]","(29410.628, 33429.233]"
1503,8,128,Black,HD+,6.58,16.0,50.0,17990.0,"(6.38, 6.8]","(17354.814, 21373.419]"
1504,8,128,Black,HD+,6.43,16.0,48.0,17990.0,"(6.38, 6.8]","(17354.814, 21373.419]"
1505,2,32,Black,HD+,6.52,5.0,8.0,7499.0,"(6.38, 6.8]","(5126.2, 9317.605]"
1506,8,256,Black,HD+,6.67,16.0,200.0,29999.0,"(6.38, 6.8]","(29410.628, 33429.233]"
1508,8,128,Blue,HD+,6.78,50.0,50.0,37999.0,"(6.38, 6.8]","(37447.837, 41466.442]"
1509,8,128,Orange,HD+,6.58,16.0,50.0,19999.0,"(6.38, 6.8]","(17354.814, 21373.419]"
1510,8,128,Orange,HD+,6.58,16.0,50.0,19943.0,"(6.38, 6.8]","(17354.814, 21373.419]"
1511,6,128,Green,HD+,6.56,8.0,48.0,14999.0,"(6.38, 6.8]","(13336.209, 17354.814]"
1512,3,32,Blue,HD+,6.52,5.0,8.0,8499.0,"(6.38, 6.8]","(5126.2, 9317.605]"
1514,4,64,Carbon,HD+,6.53,5.0,13.0,9200.0,"(6.38, 6.8]","(5126.2, 9317.605]"
1515,2,32,Blue,HD+,6.51,5.0,8.0,7999.0,"(6.38, 6.8]","(5126.2, 9317.605]"
1518,12,256,Black,HD+,6.78,50.0,50.0,42999.0,"(6.38, 6.8]","(41466.442, 45485.047]"
1519,3,32,Green,HD+,6.52,5.0,8.0,8499.0,"(6.38, 6.8]","(5126.2, 9317.605]"
1520,12,256,Blue,HD+,6.78,50.0,50.0,42999.0,"(6.38, 6.8]","(41466.442, 45485.047]"
1521,4,64,Gold,HD+,6.56,8.0,13.0,13999.0,"(6.38, 6.8]","(13336.209, 17354.814]"
1524,8,128,Black,HD+,6.58,16.0,50.0,19990.0,"(6.38, 6.8]","(17354.814, 21373.419]"
1527,8,256,Blue,HD+,6.78,50.0,50.0,39999.0,"(6.38, 6.8]","(37447.837, 41466.442]"
1528,8,256,Black,HD+,6.78,50.0,50.0,39999.0,"(6.38, 6.8]","(37447.837, 41466.442]"
1531,4,64,Blue,HD+,6.56,5.0,50.0,12198.0,"(6.38, 6.8]","(9317.605, 13336.209]"
1532,8,128,Gold,AMOLED,6.43,16.0,64.0,24634.0,"(6.38, 6.8]","(21373.419, 25392.023]"
1533,8,128,White,AMOLED,6.43,13.0,64.0,16499.0,"(6.38, 6.8]","(13336.209, 17354.814]"
1534,8,128,Blue,HD+,6.56,8.0,48.0,25999.0,"(6.38, 6.8]","(25392.023, 29410.628]"
1535,6,128,Black,HD+,6.53,13.0,48.0,14999.0,"(6.38, 6.8]","(13336.209, 17354.814]"
1536,4,64,Blue,HD+,6.56,8.0,50.0,15499.0,"(6.38, 6.8]","(13336.209, 17354.814]"
1538,2,32,Blue,HD+,6.51,5.0,8.0,8190.0,"(6.38, 6.8]","(5126.2, 9317.605]"
1540,3,32,Black,HD+,6.52,5.0,8.0,8499.0,"(6.38, 6.8]","(5126.2, 9317.605]"
1541,3,32,White,HD+,6.52,5.0,13.0,9990.0,"(6.38, 6.8]","(9317.605, 13336.209]"
1542,8,128,Black,HD+,6.78,50.0,50.0,37999.0,"(6.38, 6.8]","(37447.837, 41466.442]"
1544,6,128,Black,HD+,6.59,16.0,50.0,13990.0,"(6.38, 6.8]","(13336.209, 17354.814]"
1545,6,128,Blue,HD+,6.59,16.0,50.0,13990.0,"(6.38, 6.8]","(13336.209, 17354.814]"
1546,8,128,Black,AMOLED,6.43,16.0,64.0,24999.0,"(6.38, 6.8]","(21373.419, 25392.023]"
1551,4,128,Pearl,HD+,6.58,8.0,50.0,15499.0,"(6.38, 6.8]","(13336.209, 17354.814]"
1552,2,32,Black,HD+,6.51,5.0,8.0,7999.0,"(6.38, 6.8]","(5126.2, 9317.605]"
1553,8,128,Purple,HD,6.67,16.0,50.0,26999.0,"(6.38, 6.8]","(25392.023, 29410.628]"
1555,3,32,Black,HD+,6.52,5.0,13.0,9990.0,"(6.38, 6.8]","(9317.605, 13336.209]"
1556,3,32,Blue,HD+,6.22,5.0,13.0,9990.0,"(5.96, 6.38]","(9317.605, 13336.209]"
1557,8,128,Black,HD+,6.58,16.0,50.0,19990.0,"(6.38, 6.8]","(17354.814, 21373.419]"
1560,4,64,Black,HD+,6.56,8.0,13.0,13999.0,"(6.38, 6.8]","(13336.209, 17354.814]"
1561,6,64,White,HD+,6.43,13.0,64.0,11999.0,"(6.38, 6.8]","(9317.605, 13336.209]"
1563,4,128,Orange,HD+,6.56,8.0,50.0,15999.0,"(6.38, 6.8]","(13336.209, 17354.814]"
1564,4,128,Blue,HD+,6.56,8.0,50.0,15999.0,"(6.38, 6.8]","(13336.209, 17354.814]"
1566,6,128,Grey,HD+,6.53,13.0,48.0,14999.0,"(6.38, 6.8]","(13336.209, 17354.814]"
1567,4,64,Blue,HD+,6.51,8.0,13.0,13989.0,"(6.38, 6.8]","(13336.209, 17354.814]"
1568,4,128,Blue,HD+,6.51,16.0,50.0,13999.0,"(6.38, 6.8]","(13336.209, 17354.814]"
1569,4,128,Green,HD+,6.51,16.0,50.0,13999.0,"(6.38, 6.8]","(13336.209, 17354.814]"
1570,4,128,Blue,HD+,6.58,8.0,50.0,15499.0,"(6.38, 6.8]","(13336.209, 17354.814]"
1571,4,64,Green,HD+,6.56,8.0,13.0,13999.0,"(6.38, 6.8]","(13336.209, 17354.814]"
1577,3,32,Green,HD+,6.51,8.0,13.0,9499.0,"(6.38, 6.8]","(9317.605, 13336.209]"
1578,12,256,White,HD+,6.67,16.0,200.0,32999.0,"(6.38, 6.8]","(29410.628, 33429.233]"
1580,4,64,Blue,HD+,6.22,5.0,13.0,10990.0,"(5.96, 6.38]","(9317.605, 13336.209]"
1583,6,128,White,HD,6.5,8.0,50.0,14999.0,"(6.38, 6.8]","(13336.209, 17354.814]"
1586,6,128,Purple,HD+,6.53,5.0,13.0,11499.0,"(6.38, 6.8]","(9317.605, 13336.209]"
1587,8,128,Gold,AMOLED,6.44,44.0,50.0,24999.0,"(6.38, 6.8]","(21373.419, 25392.023]"
1590,6,128,Carbon,HD+,6.53,5.0,13.0,11499.0,"(6.38, 6.8]","(9317.605, 13336.209]"
1591,8,128,Black,HD+,6.43,32.0,64.0,20950.0,"(6.38, 6.8]","(17354.814, 21373.419]"
1592,12,256,Black,HD,6.78,32.0,50.0,79999.0,"(6.38, 6.8]","(77633.884, 81652.488]"
1594,6,128,Black,HD,6.5,8.0,50.0,14999.0,"(6.38, 6.8]","(13336.209, 17354.814]"
1597,4,64,Silver,HD+,6.22,5.0,13.0,10990.0,"(5.96, 6.38]","(9317.605, 13336.209]"
1598,6,128,Black,HD+,6.51,16.0,50.0,15999.0,"(6.38, 6.8]","(13336.209, 17354.814]"
1599,4,128,Black,HD+,6.51,16.0,50.0,13999.0,"(6.38, 6.8]","(13336.209, 17354.814]"
1626,8,128,Gold,HD+,6.43,32.0,64.0,21890.0,"(6.38, 6.8]","(21373.419, 25392.023]"
1629,8,128,Black,HD+,6.78,32.0,50.0,54999.0,"(6.38, 6.8]","(53522.256, 57540.86]"
1630,6,128,Blue,HD+,6.56,8.0,13.0,16490.0,"(6.38, 6.8]","(13336.209, 17354.814]"
1631,8,128,Silver,HD+,6.43,16.0,48.0,17990.0,"(6.38, 6.8]","(17354.814, 21373.419]"
1632,4,64,Carbon,HD+,6.53,5.0,13.0,8989.0,"(6.38, 6.8]","(5126.2, 9317.605]"
1633,6,128,Black,HD+,6.58,16.0,50.0,16990.0,"(6.38, 6.8]","(13336.209, 17354.814]"
1635,8,128,Black,HD+,6.56,8.0,48.0,16999.0,"(6.38, 6.8]","(13336.209, 17354.814]"
1636,4,64,Blue,HD+,6.51,8.0,13.0,13450.0,"(6.38, 6.8]","(13336.209, 17354.814]"
1637,4,64,Blue,HD+,6.51,8.0,13.0,12895.0,"(6.38, 6.8]","(9317.605, 13336.209]"
1638,6,128,Black,HD+,6.51,16.0,50.0,14900.0,"(6.38, 6.8]","(13336.209, 17354.814]"
1639,4,64,White,HD+,6.52,5.0,13.0,10990.0,"(6.38, 6.8]","(9317.605, 13336.209]"
1640,8,256,Blue,HD+,6.44,44.0,64.0,28490.0,"(6.38, 6.8]","(25392.023, 29410.628]"
1641,6,128,Blue,HD,6.5,8.0,50.0,14999.0,"(6.38, 6.8]","(13336.209, 17354.814]"
1642,4,128,Black,HD+,6.58,16.0,50.0,15990.0,"(6.38, 6.8]","(13336.209, 17354.814]"
1643,8,128,Black,HD+,6.59,16.0,50.0,16990.0,"(6.38, 6.8]","(13336.209, 17354.814]"
1644,4,64,Green,HD+,6.51,16.0,50.0,13499.0,"(6.38, 6.8]","(13336.209, 17354.814]"
1646,4,64,White,HD+,6.56,8.0,48.0,12999.0,"(6.38, 6.8]","(9317.605, 13336.209]"
1648,8,128,Black,HD+,6.44,16.0,64.0,19990.0,"(6.38, 6.8]","(17354.814, 21373.419]"
1649,8,256,Purple,HD+,6.8,32.0,50.0,89999.0,"(6.38, 6.8]","(89689.698, 93708.302]"
1651,8,128,Gold,HD+,6.56,50.0,108.0,38990.0,"(6.38, 6.8]","(37447.837, 41466.442]"
1654,8,128,Black,HD+,6.44,50.0,64.0,30989.0,"(6.38, 6.8]","(29410.628, 33429.233]"
1655,8,128,Black,HD+,6.44,50.0,64.0,27999.0,"(6.38, 6.8]","(25392.023, 29410.628]"
1656,4,64,Black,HD+,6.52,8.0,13.0,12990.0,"(6.38, 6.8]","(9317.605, 13336.209]"
1657,4,64,Green,HD+,6.53,5.0,13.0,7499.0,"(6.38, 6.8]","(5126.2, 9317.605]"
1658,6,128,White,HD+,6.56,8.0,48.0,14999.0,"(6.38, 6.8]","(13336.209, 17354.814]"
1660,4,128,Black,HD+,6.51,16.0,50.0,13998.0,"(6.38, 6.8]","(13336.209, 17354.814]"
1661,3,32,Black,HD+,6.52,5.0,13.0,9490.0,"(6.38, 6.8]","(9317.605, 13336.209]"
1662,6,128,Black,HD+,6.5,8.0,12.0,14100.0,"(6.38, 6.8]","(13336.209, 17354.814]"
1663,3,32,Blue,HD+,6.52,5.0,13.0,9780.0,"(6.38, 6.8]","(9317.605, 13336.209]"
1664,4,128,Black,HD+,6.53,13.0,48.0,14819.0,"(6.38, 6.8]","(13336.209, 17354.814]"
1666,3,32,Black,HD+,6.52,5.0,13.0,9490.0,"(6.38, 6.8]","(9317.605, 13336.209]"
1667,4,64,Green,HD+,6.53,13.0,48.0,12990.0,"(6.38, 6.8]","(9317.605, 13336.209]"
1668,4,64,Black,HD+,6.53,13.0,48.0,11999.0,"(6.38, 6.8]","(9317.605, 13336.209]"
1669,6,64,Purple,HD+,6.43,13.0,64.0,11999.0,"(6.38, 6.8]","(9317.605, 13336.209]"
1670,8,128,Blue,HD+,6.44,50.0,64.0,29900.0,"(6.38, 6.8]","(29410.628, 33429.233]"
1672,12,256,Blue,HD+,6.44,50.0,64.0,31999.0,"(6.38, 6.8]","(29410.628, 33429.233]"
1674,8,128,Black,HD+,6.56,50.0,108.0,38990.0,"(6.38, 6.8]","(37447.837, 41466.442]"
1676,6,128,Blue,HD+,6.51,16.0,13.0,15990.0,"(6.38, 6.8]","(13336.209, 17354.814]"
1679,3,64,Green,HD+,6.51,8.0,13.0,13990.0,"(6.38, 6.8]","(13336.209, 17354.814]"
1682,4,64,Black,HD+,6.56,8.0,13.0,13885.0,"(6.38, 6.8]","(13336.209, 17354.814]"
1683,3,32,Black,HD+,6.5,8.0,13.0,10490.0,"(6.38, 6.8]","(9317.605, 13336.209]"
1685,4,128,Blue,HD+,6.51,16.0,13.0,14380.0,"(6.38, 6.8]","(13336.209, 17354.814]"
1686,4,64,Blue,HD+,6.51,8.0,13.0,14900.0,"(6.38, 6.8]","(13336.209, 17354.814]"
1687,4,64,Green,HD+,6.56,8.0,48.0,12999.0,"(6.38, 6.8]","(9317.605, 13336.209]"
1689,6,64,Black,AMOLED,6.43,13.0,64.0,13690.0,"(6.38, 6.8]","(13336.209, 17354.814]"
1690,6,128,White,AMOLED,6.43,13.0,64.0,16499.0,"(6.38, 6.8]","(13336.209, 17354.814]"
1692,12,256,Black,AMOLED,6.5,32.0,50.0,34999.0,"(6.38, 6.8]","(33429.233, 37447.837]"
1693,4,64,Green,HD+,6.56,8.0,13.0,13989.0,"(6.38, 6.8]","(13336.209, 17354.814]"
1694,8,128,Blue,HD+,6.44,50.0,64.0,27999.0,"(6.38, 6.8]","(25392.023, 29410.628]"
1697,8,256,Black,HD+,6.8,32.0,50.0,89999.0,"(6.38, 6.8]","(89689.698, 93708.302]"
1698,6,128,Black,HD+,6.56,8.0,13.0,16490.0,"(6.38, 6.8]","(13336.209, 17354.814]"
1699,6,128,Black,HD+,6.51,16.0,13.0,13250.0,"(6.38, 6.8]","(9317.605, 13336.209]"
1701,8,256,Black,HD,6.43,32.0,64.0,25999.0,"(6.38, 6.8]","(25392.023, 29410.628]"
1705,6,128,Black,HD+,6.52,8.0,13.0,15990.0,"(6.38, 6.8]","(13336.209, 17354.814]"
1707,12,256,Blue,AMOLED,6.5,32.0,50.0,34999.0,"(6.38, 6.8]","(33429.233, 37447.837]"
1710,4,128,Blue,HD+,6.51,16.0,13.0,14379.0,"(6.38, 6.8]","(13336.209, 17354.814]"
1711,8,128,Black,HD+,6.53,20.0,64.0,19999.0,"(6.38, 6.8]","(17354.814, 21373.419]"
1722,8,128,Black,HD+,6.43,32.0,64.0,20990.0,"(6.38, 6.8]","(17354.814, 21373.419]"
1723,8,128,Blue,HD+,6.56,32.0,64.0,35999.0,"(6.38, 6.8]","(33429.233, 37447.837]"
1724,4,128,Green,HD+,6.53,5.0,13.0,9299.0,"(6.38, 6.8]","(5126.2, 9317.605]"
1726,4,64,Black,HD+,6.56,8.0,48.0,12390.0,"(6.38, 6.8]","(9317.605, 13336.209]"
1727,4,64,Pearl,HD+,6.3,24.0,16.0,23990.0,"(5.96, 6.38]","(21373.419, 25392.023]"
1728,8,256,Black,HD+,6.43,16.0,48.0,22999.0,"(6.38, 6.8]","(21373.419, 25392.023]"
1729,8,128,Purple,HD+,6.43,16.0,48.0,19490.0,"(6.38, 6.8]","(17354.814, 21373.419]"
1730,8,256,Silver,HD+,6.43,16.0,48.0,22990.0,"(6.38, 6.8]","(21373.419, 25392.023]"
1731,6,128,White,HD+,6.53,13.0,48.0,18999.0,"(6.38, 6.8]","(17354.814, 21373.419]"
1733,3,32,Purple,HD+,6.22,8.0,13.0,10990.0,"(5.96, 6.38]","(9317.605, 13336.209]"
1734,12,256,Black,HD+,6.78,32.0,50.0,61799.0,"(6.38, 6.8]","(61559.465, 65578.07]"
1735,8,128,Pearl,HD+,6.44,32.0,64.0,19999.0,"(6.38, 6.8]","(17354.814, 21373.419]"
1736,4,64,Black,HD+,6.53,32.0,16.0,15990.0,"(6.38, 6.8]","(13336.209, 17354.814]"
1744,6,128,Orange,HD+,6.44,16.0,16.0,18500.0,"(6.38, 6.8]","(17354.814, 21373.419]"
1745,4,64,Black,HD+,6.53,8.0,13.0,10499.0,"(6.38, 6.8]","(9317.605, 13336.209]"
1746,4,64,Pearl,HD+,6.52,8.0,13.0,12799.0,"(6.38, 6.8]","(9317.605, 13336.209]"
1747,3,32,Black,HD+,6.1,5.0,13.0,13990.0,"(5.96, 6.38]","(13336.209, 17354.814]"
1748,3,32,Black,HD+,6.22,8.0,13.0,10990.0,"(5.96, 6.38]","(9317.605, 13336.209]"
1749,6,64,Black,HD+,6.67,32.0,64.0,18999.0,"(6.38, 6.8]","(17354.814, 21373.419]"
1751,3,64,Blue,HD+,6.51,8.0,13.0,15490.0,"(6.38, 6.8]","(13336.209, 17354.814]"
1754,6,64,Black,HD+,6.53,32.0,12.0,26990.0,"(6.38, 6.8]","(25392.023, 29410.628]"
1755,4,64,Blue,HD+,6.51,8.0,13.0,16990.0,"(6.38, 6.8]","(13336.209, 17354.814]"
1757,3,16,Black,HD,5.2,5.0,13.0,13490.0,"(5.12, 5.54]","(13336.209, 17354.814]"
1758,6,128,Black,HD+,6.28,12.0,12.0,36990.0,"(5.96, 6.38]","(33429.233, 37447.837]"
1759,8,128,Black,HD+,6.44,16.0,64.0,18997.0,"(6.38, 6.8]","(17354.814, 21373.419]"
1760,8,128,Silver,HD+,6.44,32.0,48.0,30990.0,"(6.38, 6.8]","(29410.628, 33429.233]"
1761,8,128,Blue,HD+,6.53,20.0,64.0,19999.0,"(6.38, 6.8]","(17354.814, 21373.419]"
1762,3,32,Black,HD+,6.52,5.0,13.0,10990.0,"(6.38, 6.8]","(9317.605, 13336.209]"
1764,6,64,Blue,HD+,6.53,20.0,64.0,16999.0,"(6.38, 6.8]","(13336.209, 17354.814]"
1765,3,32,Gold,HD,5.5,16.0,13.0,14990.0,"(5.12, 5.54]","(13336.209, 17354.814]"
1766,4,32,Black,HD+,6.3,16.0,16.0,19990.0,"(5.96, 6.38]","(17354.814, 21373.419]"
1767,3,64,Blue,HD+,6.35,8.0,13.0,10999.0,"(5.96, 6.38]","(9317.605, 13336.209]"
1769,8,128,Blue,HD+,6.56,8.0,50.0,18980.0,"(6.38, 6.8]","(17354.814, 21373.419]"
1770,6,128,Blue,HD+,6.39,32.0,48.0,32990.0,"(6.38, 6.8]","(29410.628, 33429.233]"
1772,4,64,Gold,HD,5.5,16.0,13.0,20990.0,"(5.12, 5.54]","(17354.814, 21373.419]"
1773,6,128,Gold,HD+,6.51,16.0,13.0,15999.0,"(6.38, 6.8]","(13336.209, 17354.814]"
1776,4,64,Black,HD+,6.53,8.0,48.0,11499.0,"(6.38, 6.8]","(9317.605, 13336.209]"
1784,6,128,White,HD+,6.5,16.0,13.0,13990.0,"(6.38, 6.8]","(13336.209, 17354.814]"
1785,12,256,Black,HD+,6.78,32.0,50.0,61999.0,"(6.38, 6.8]","(61559.465, 65578.07]"
1792,8,128,Black,HD+,6.56,32.0,48.0,34990.0,"(6.38, 6.8]","(33429.233, 37447.837]"
1797,6,64,Gold,HD+,6.67,32.0,64.0,18999.0,"(6.38, 6.8]","(17354.814, 21373.419]"
1801,6,64,Blue,HD+,6.38,32.0,16.0,20990.0,"(5.96, 6.38]","(17354.814, 21373.419]"
1802,6,128,White,HD+,6.67,32.0,64.0,20999.0,"(6.38, 6.8]","(17354.814, 21373.419]"
1803,8,128,Purple,HD+,6.38,32.0,48.0,24990.0,"(5.96, 6.38]","(21373.419, 25392.023]"
1804,6,64,Purple,HD+,6.38,32.0,48.0,19990.0,"(5.96, 6.38]","(17354.814, 21373.419]"
1805,4,64,Gold,HD,6.38,16.0,16.0,30990.0,"(5.96, 6.38]","(29410.628, 33429.233]"
1808,6,128,White,HD+,6.53,20.0,64.0,17999.0,"(6.38, 6.8]","(17354.814, 21373.419]"
1809,6,64,White,HD+,6.53,20.0,64.0,16999.0,"(6.38, 6.8]","(13336.209, 17354.814]"
1815,4,64,Black,HD+,6.22,20.0,13.0,18990.0,"(5.96, 6.38]","(17354.814, 21373.419]"
1816,6,64,Black,HD+,6.41,25.0,12.0,28990.0,"(6.38, 6.8]","(25392.023, 29410.628]"
1817,8,128,Black,HD+,6.44,32.0,48.0,32990.0,"(6.38, 6.8]","(29410.628, 33429.233]"
1818,6,128,Black,HD+,6.5,16.0,48.0,29990.0,"(6.38, 6.8]","(29410.628, 33429.233]"
1819,4,128,White,HD+,6.4,16.0,48.0,20990.0,"(6.38, 6.8]","(17354.814, 21373.419]"
1820,8,128,Black,HD+,6.4,16.0,48.0,22990.0,"(6.38, 6.8]","(21373.419, 25392.023]"
1821,4,128,Blue,HD+,6.4,16.0,48.0,20990.0,"(6.38, 6.8]","(17354.814, 21373.419]"
1822,8,128,Blue,HD+,6.4,16.0,48.0,22990.0,"(6.38, 6.8]","(21373.419, 25392.023]"
1823,4,128,Black,HD+,6.4,16.0,48.0,20990.0,"(6.38, 6.8]","(17354.814, 21373.419]"
1824,4,64,Black,HD+,6.2,8.0,13.0,15990.0,"(5.96, 6.38]","(13336.209, 17354.814]"
1827,3,32,Blue,HD+,6.2,8.0,13.0,13990.0,"(5.96, 6.38]","(13336.209, 17354.814]"
1828,2,32,Blue,HD+,6.2,8.0,13.0,12990.0,"(5.96, 6.38]","(9317.605, 13336.209]"
1829,4,64,Green,HD+,6.2,8.0,13.0,15990.0,"(5.96, 6.38]","(13336.209, 17354.814]"
1830,8,128,White,HD+,6.4,16.0,48.0,22990.0,"(6.38, 6.8]","(21373.419, 25392.023]"
1831,6,64,Black,HD+,6.53,20.0,64.0,16999.0,"(6.38, 6.8]","(13336.209, 17354.814]"
1832,4,64,Blue,HD+,6.35,16.0,13.0,15990.0,"(5.96, 6.38]","(13336.209, 17354.814]"
1834,6,128,Green,HD+,6.53,8.0,48.0,13990.0,"(6.38, 6.8]","(13336.209, 17354.814]"
1836,6,64,Black,HD+,6.51,8.0,13.0,17990.0,"(6.38, 6.8]","(17354.814, 21373.419]"
1838,4,64,Grey,HD+,6.53,13.0,48.0,14999.0,"(6.38, 6.8]","(13336.209, 17354.814]"
1843,12,256,Black,AMOLED,6.43,50.0,50.0,36999.0,"(6.38, 6.8]","(33429.233, 37447.837]"
1845,6,128,Silver,HD+,6.43,16.0,48.0,14990.0,"(6.38, 6.8]","(13336.209, 17354.814]"
1846,4,64,Blue,HD+,6.53,5.0,13.0,7699.0,"(6.38, 6.8]","(5126.2, 9317.605]"
1849,8,256,Blue,HD+,6.44,44.0,64.0,30990.0,"(6.38, 6.8]","(29410.628, 33429.233]"
