,Unnamed: 0,Ram,Storage,Battery,Price,Brand,Color,Front_cam,Rear_cam,display,Display_type
0,0,4,64,49,9999,9,1,0.3,50.0,6.5,2
1,1,6,128,49,13499,9,0,2.0,50.0,6.6,2
2,2,8,128,49,25999,9,1,8.0,108.0,6.7,2
3,3,8,256,49,27999,9,1,8.0,108.0,6.7,2
4,4,8,128,49,25999,9,0,8.0,108.0,6.7,2
5,5,4,64,49,14999,9,0,2.0,50.0,6.6,2
6,6,6,128,49,24999,9,1,8.0,108.0,6.7,2
7,7,6,128,49,24999,9,0,8.0,108.0,6.7,2
8,8,6,128,49,24999,9,0,8.0,108.0,6.7,2
9,9,4,64,49,14999,9,4,2.0,50.0,6.6,2
10,10,8,128,49,18999,9,0,2.0,48.0,6.6,2
11,11,8,128,49,18999,9,0,2.0,48.0,6.6,2
12,12,8,128,49,25999,9,0,8.0,108.0,6.7,2
13,13,2,32,49,6999,9,0,8.0,8.0,6.5,2
14,14,4,64,49,14999,9,1,2.0,50.0,6.6,2
15,15,6,128,49,16999,9,0,2.0,50.0,6.6,2
16,16,2,32,49,6999,9,1,8.0,8.0,6.5,2
17,17,6,128,49,13499,9,1,2.0,50.0,6.6,2
18,18,4,64,49,12639,9,0,2.0,50.0,6.6,2
19,19,6,128,49,16999,9,4,2.0,50.0,6.6,2
20,20,4,64,49,11999,9,0,2.0,50.0,6.6,2
21,21,4,64,49,8499,9,1,8.0,8.0,6.5,2
22,22,4,128,49,12999,9,0,2.0,50.0,6.6,2
23,23,6,128,49,16999,9,1,2.0,50.0,6.6,2
24,24,4,64,49,8499,9,1,8.0,8.0,6.5,2
25,25,6,128,49,16999,9,1,2.0,50.0,6.6,2
26,26,4,128,49,12999,9,0,2.0,50.0,6.6,2
27,27,2,32,49,7499,9,6,8.0,8.0,6.5,2
28,28,2,32,49,7499,9,1,8.0,8.0,6.5,2
29,29,6,128,49,22999,9,0,8.0,64.0,6.62,0
30,30,8,256,49,26999,9,0,8.0,64.0,6.62,0
31,31,6,128,49,13999,9,0,2.0,50.0,6.6,2
32,32,4,128,49,11990,9,1,8.0,50.0,6.6,1
33,33,4,64,49,11999,9,5,2.0,50.0,6.6,2
34,34,8,128,49,16999,9,0,2.0,50.0,6.4,2
35,35,4,64,49,10772,9,1,8.0,50.0,6.6,2
36,36,4,64,49,10538,9,0,8.0,50.0,6.6,2
37,37,4,64,49,8999,9,6,8.0,8.0,6.5,2
38,38,4,64,49,8999,9,1,8.0,8.0,6.5,2
39,39,8,128,49,16999,9,11,2.0,50.0,6.4,2
40,40,4,64,49,13999,9,11,2.0,50.0,6.4,2
41,41,4,128,49,12999,9,5,2.0,50.0,6.6,2
42,42,2,32,49,7499,9,6,8.0,8.0,6.5,2
43,43,2,32,49,7499,9,1,8.0,8.0,6.5,2
44,44,4,64,49,10589,9,1,8.0,50.0,6.6,1
45,45,3,32,49,6299,9,1,8.0,8.0,6.5,2
46,46,3,32,49,6299,9,0,8.0,8.0,6.5,2
47,47,12,256,49,31999,9,0,8.0,50.0,6.62,0
48,48,8,128,49,27999,9,5,8.0,50.0,6.62,0
49,49,4,64,49,8879,9,5,8.0,8.0,6.5,1
50,50,12,256,49,31999,9,0,8.0,50.0,6.62,0
51,51,4,128,49,16499,9,1,2.0,48.0,6.5,2
52,52,4,64,49,8788,9,1,8.0,8.0,6.5,1
53,53,4,64,49,8999,9,5,8.0,8.0,6.5,1
54,54,4,64,55,10680,9,6,2.0,13.0,6.5,2
55,55,4,64,55,10770,9,1,2.0,13.0,6.5,2
56,56,4,64,49,9999,9,10,2.0,13.0,6.52,1
57,57,3,32,49,7949,9,1,8.0,8.0,6.5,1
58,58,3,32,49,9299,9,10,2.0,13.0,6.52,1
59,59,8,256,49,26999,9,11,8.0,64.0,6.62,0
60,60,6,128,49,22999,9,11,8.0,64.0,6.62,0
61,61,8,256,49,26999,9,12,8.0,64.0,6.62,0
62,62,4,128,49,16499,9,0,2.0,48.0,6.5,2
63,63,4,64,49,15999,9,11,2.0,48.0,6.5,2
64,64,4,64,49,15999,9,1,2.0,48.0,6.5,2
65,65,4,64,49,15999,9,0,2.0,48.0,6.5,2
66,66,3,32,49,9299,9,5,2.0,13.0,6.52,1
67,67,4,128,55,11999,9,6,2.0,13.0,6.5,2
68,68,4,128,49,14999,9,1,2.0,50.0,6.6,2
69,69,4,64,49,13999,9,0,2.0,50.0,6.6,2
70,70,4,64,49,9999,9,5,2.0,13.0,6.52,1
71,71,4,64,49,10499,9,1,2.0,13.0,6.5,2
72,72,3,32,49,9499,9,1,2.0,13.0,6.5,2
73,73,3,32,49,9499,9,0,2.0,13.0,6.5,2
74,74,4,128,49,14999,9,0,2.0,50.0,6.6,2
75,75,4,64,49,10499,9,0,2.0,13.0,6.5,2
76,76,6,128,49,17499,9,11,2.0,48.0,6.5,2
77,77,8,128,49,24999,9,12,8.0,64.0,6.62,0
78,78,6,128,49,22999,9,12,8.0,64.0,6.62,0
79,79,8,128,49,24999,9,11,8.0,64.0,6.62,0
80,80,3,32,49,6299,9,5,8.0,8.0,6.5,2
81,81,4,64,49,10999,9,1,2.0,50.0,6.6,2
82,82,6,128,49,19999,9,0,2.0,48.0,6.6,2
83,83,4,64,49,8999,9,2,8.0,8.0,6.5,1
84,84,2,32,49,7180,9,5,8.0,8.0,6.5,1
85,85,6,128,49,15499,9,5,2.0,50.0,6.6,2
86,86,4,64,49,15499,9,0,2.0,48.0,6.5,2
87,87,2,32,49,7159,9,2,8.0,8.0,6.5,1
88,88,8,128,49,18499,9,0,2.0,48.0,6.5,2
89,89,6,128,49,15999,9,1,2.0,50.0,6.6,2
90,90,4,64,49,13499,9,1,2.0,50.0,6.6,2
91,91,6,128,49,15999,9,0,2.0,50.0,6.6,2
92,92,4,64,49,13499,9,0,2.0,50.0,6.6,2
93,93,6,128,49,15999,9,9,2.0,50.0,6.6,2
94,94,6,128,49,15999,9,0,2.0,50.0,6.6,2
95,95,8,128,49,24999,9,0,8.0,64.0,6.62,0
96,96,8,128,37,26999,9,0,8.0,50.0,6.4,0
97,97,6,128,37,24999,9,0,8.0,50.0,6.4,0
98,98,6,128,49,15499,9,1,2.0,48.0,6.5,2
99,99,4,64,49,15999,9,0,2.0,48.0,6.5,2
100,100,4,64,49,10999,9,6,2.0,50.0,6.5,2
101,101,8,128,37,26999,9,5,8.0,50.0,6.4,0
102,102,8,256,37,28999,9,0,8.0,50.0,6.4,0
103,103,4,64,49,13499,9,1,2.0,48.0,6.5,2
104,104,3,32,49,9499,9,0,2.0,13.0,6.5,2
105,105,8,128,49,19999,9,10,8.0,48.0,6.5,2
106,106,4,128,49,11999,9,1,2.0,50.0,6.5,2
107,107,3,32,49,9499,9,1,2.0,13.0,6.5,2
108,108,12,256,37,35999,9,0,8.0,50.0,6.7,2
109,109,6,128,49,15499,9,10,2.0,48.0,6.5,2
110,110,6,128,49,18999,9,1,8.0,64.0,6.6,2
111,111,6,128,49,17999,9,1,8.0,48.0,6.6,1
112,112,6,128,49,18999,9,0,8.0,64.0,6.6,2
113,113,4,64,49,10499,9,0,2.0,13.0,6.5,2
114,114,8,256,37,28999,9,1,8.0,50.0,6.4,0
115,115,4,128,49,15999,9,0,8.0,64.0,6.4,2
116,116,4,64,49,10499,9,1,2.0,13.0,6.5,2
117,117,8,256,37,28999,9,5,8.0,50.0,6.4,0
118,118,8,256,49,31999,9,11,8.0,50.0,6.7,2
119,119,8,256,49,31999,9,0,8.0,50.0,6.7,2
120,120,8,256,49,31999,9,1,8.0,50.0,6.7,2
121,121,3,32,49,8175,9,5,8.0,8.0,6.5,1
122,122,4,64,49,10999,9,1,2.0,50.0,6.5,2
123,123,4,128,49,16999,9,0,8.0,48.0,6.6,1
124,124,4,64,49,15390,9,0,8.0,48.0,6.6,1
125,125,6,128,49,16999,9,0,8.0,64.0,6.4,2
126,126,4,128,49,11999,9,6,2.0,50.0,6.5,2
127,127,4,64,49,10538,9,0,8.0,50.0,6.6,2
128,128,6,64,34,17999,9,7,12.0,64.0,6.6,2
129,129,4,64,49,15410,9,1,8.0,48.0,6.6,1
130,130,4,128,49,16999,9,1,8.0,48.0,6.6,1
131,131,12,256,37,35999,9,0,8.0,50.0,6.7,2
132,132,8,128,49,29999,9,1,8.0,50.0,6.7,2
133,133,4,128,49,15999,9,10,8.0,64.0,6.4,2
134,134,8,128,49,29999,9,0,8.0,50.0,6.7,2
135,135,12,256,37,35999,9,0,8.0,50.0,6.7,2
136,136,8,128,49,17999,9,0,8.0,64.0,6.4,2
137,137,6,128,49,20580,9,1,8.0,48.0,6.4,1
138,138,4,64,49,10999,9,6,2.0,50.0,6.5,2
139,139,12,256,49,35999,9,0,8.0,64.0,6.62,2
140,140,8,128,49,17999,9,4,8.0,108.0,6.4,0
141,141,8,128,49,17999,9,0,8.0,108.0,6.4,0
142,142,6,128,49,16999,9,4,8.0,108.0,6.4,0
143,143,8,128,34,27999,9,0,8.0,64.0,6.43,2
144,144,4,64,49,8999,9,1,2.0,12.0,6.52,2
145,145,4,64,49,8999,9,0,2.0,12.0,6.52,2
146,146,4,64,14,13990,9,0,2.0,16.0,6.3,2
147,147,8,128,49,31999,9,1,8.0,64.0,6.62,2
148,148,3,32,55,11999,9,1,8.0,13.0,6.52,2
149,149,3,32,49,7999,9,1,2.0,12.0,6.52,2
150,150,12,256,37,41999,9,12,8.0,64.0,6.43,2
151,151,2,32,19,7999,9,0,2.0,13.0,6.1,2
152,152,2,32,19,7999,9,1,2.0,13.0,6.1,2
153,153,8,256,34,29999,9,11,8.0,64.0,6.43,2
154,154,4,64,49,10990,9,1,2.0,50.0,6.5,2
155,155,3,32,55,11999,9,1,8.0,13.0,6.52,2
156,156,6,64,49,17499,9,1,8.0,64.0,6.5,2
157,157,4,64,31,10499,9,0,2.0,13.0,6.22,2
158,158,4,64,31,10499,9,0,2.0,13.0,6.22,2
159,159,3,32,31,8499,9,1,2.0,13.0,6.22,2
160,160,3,32,31,8499,9,0,2.0,13.0,6.22,2
161,161,4,128,55,11890,9,1,2.0,13.0,6.5,2
162,162,8,256,30,30049,9,11,8.0,64.0,6.57,2
163,163,3,32,31,9990,9,0,2.0,13.0,6.2,2
164,164,3,32,31,9990,9,0,2.0,13.0,6.2,2
165,165,3,32,55,10999,9,1,2.0,13.0,6.52,2
166,166,8,128,37,37999,9,10,8.0,64.0,6.43,2
167,167,3,32,55,11999,9,10,8.0,13.0,6.52,2
168,168,4,64,55,12999,9,1,8.0,13.0,6.52,2
169,169,8,256,30,30049,9,1,8.0,64.0,6.57,2
170,170,3,32,19,8999,9,0,2.0,13.0,6.1,2
171,171,6,64,14,15990,9,1,2.0,16.0,6.3,2
172,172,8,128,37,29999,9,0,8.0,64.0,6.55,2
173,173,8,128,30,29999,9,11,8.0,64.0,6.57,2
174,174,12,256,30,47999,9,0,12.0,64.0,6.44,2
175,175,12,256,49,57999,9,0,50.0,50.0,6.7,1
176,176,8,128,49,19999,9,11,8.0,64.0,6.5,2
177,177,8,128,17,20999,9,1,5.0,48.0,6.53,2
178,178,4,128,17,17999,9,1,5.0,48.0,6.53,2
179,179,8,128,17,20999,9,11,5.0,48.0,6.53,2
180,180,8,128,49,36999,9,11,8.0,50.0,6.7,2
181,181,8,128,37,29999,9,0,8.0,64.0,6.55,2
182,182,2,16,19,6999,9,0,2.0,13.0,6.1,2
183,183,8,128,49,49999,9,11,50.0,50.0,6.7,1
184,184,8,128,49,49999,9,5,50.0,50.0,6.7,1
185,185,2,16,19,6999,9,1,2.0,13.0,6.1,2
186,186,8,128,30,41999,9,5,12.0,64.0,6.44,2
187,187,12,256,30,47999,9,5,12.0,64.0,6.44,2
188,188,8,128,49,49999,9,0,50.0,50.0,6.7,1
189,189,8,128,30,41999,9,0,12.0,64.0,6.44,2
190,190,12,256,49,57999,9,5,50.0,50.0,6.7,1
191,191,6,128,34,18999,9,1,12.0,64.0,6.6,2
192,192,8,128,49,49999,9,5,50.0,50.0,6.7,1
193,193,8,128,30,41999,9,5,12.0,64.0,6.44,2
194,194,12,256,30,47999,9,5,12.0,64.0,6.44,2
195,195,2,16,19,6999,9,1,2.0,13.0,6.1,2
196,196,6,64,49,14499,9,10,2.0,48.0,6.5,2
197,197,6,128,37,24999,9,1,8.0,50.0,6.4,0
198,198,6,128,49,16999,9,10,8.0,64.0,6.4,2
199,199,6,128,49,17750,9,0,8.0,48.0,6.6,1
200,200,4,64,49,14499,9,10,2.0,48.0,6.5,2
201,201,8,128,49,17999,9,10,8.0,64.0,6.4,2
202,202,12,256,49,31999,9,11,8.0,50.0,6.62,0
203,203,4,64,55,9999,9,1,2.0,13.0,6.5,2
204,204,8,128,49,31999,9,5,8.0,64.0,6.62,2
205,205,4,128,55,12499,9,1,2.0,50.0,6.5,2
206,206,6,128,49,16999,9,10,2.0,48.0,6.5,2
207,207,6,128,49,16999,9,1,2.0,48.0,6.5,2
208,208,8,256,34,29999,9,6,8.0,64.0,6.43,2
209,209,4,64,55,9999,9,1,2.0,13.0,6.51,2
210,210,4,64,55,11499,9,1,2.0,50.0,6.5,2
211,211,6,128,34,25999,9,0,8.0,64.0,6.43,2
212,212,6,128,49,18999,9,5,8.0,64.0,6.6,2
213,213,4,64,55,10499,9,10,8.0,48.0,6.52,2
214,214,8,128,49,19999,9,9,2.0,64.0,6.5,2
215,215,8,128,49,19999,9,1,2.0,64.0,6.5,2
216,216,2,32,49,8999,9,5,2.0,13.0,6.5,2
217,217,4,128,55,11499,9,1,8.0,48.0,6.52,2
218,218,8,128,49,49999,9,0,50.0,50.0,6.7,1
219,219,8,128,30,41999,9,0,12.0,64.0,6.44,2
220,220,12,256,49,57999,9,11,50.0,50.0,6.7,1
221,221,6,128,34,15999,9,1,8.0,64.0,6.5,2
222,222,6,128,35,19999,9,10,8.0,64.0,6.43,2
223,223,4,128,55,11499,9,10,8.0,48.0,6.52,2
224,224,12,256,49,57999,9,5,50.0,50.0,6.7,1
225,225,2,32,49,8999,9,6,2.0,13.0,6.5,2
226,226,6,128,35,19999,9,0,8.0,64.0,6.43,2
227,227,8,256,34,29999,9,1,8.0,64.0,6.43,2
228,228,4,128,49,11999,9,1,2.0,50.0,6.5,2
229,229,12,256,30,34999,9,1,8.0,64.0,6.57,2
230,230,8,128,37,37999,9,1,8.0,64.0,6.43,2
231,231,4,128,49,12999,9,9,8.0,12.0,6.5,2
232,232,3,32,49,10999,9,9,8.0,12.0,6.5,2
233,233,4,128,49,12999,9,1,8.0,12.0,6.5,2
234,234,3,32,49,10999,9,1,8.0,12.0,6.5,2
235,235,8,128,14,17990,9,0,2.0,16.0,6.3,2
236,236,8,128,19,19999,9,8,8.0,64.0,6.4,1
237,237,12,256,37,35999,9,0,8.0,50.0,6.7,2
238,238,4,64,49,11999,9,1,2.0,12.0,6.5,2
239,239,8,128,34,16999,9,1,8.0,64.0,6.5,2
240,240,4,128,49,12999,9,0,8.0,48.0,6.5,2
241,241,4,64,49,11999,9,1,8.0,48.0,6.5,2
242,242,8,128,37,19999,9,1,8.0,108.0,6.4,2
243,243,12,256,30,34999,9,11,8.0,64.0,6.57,2
244,244,6,128,37,17999,9,0,8.0,108.0,6.4,2
245,245,6,128,37,19999,9,10,8.0,64.0,6.4,2
246,246,12,256,19,35999,9,1,13.0,64.0,6.5,2
247,247,8,128,19,31999,9,1,13.0,64.0,6.5,2
248,248,3,32,55,11999,9,10,8.0,13.0,6.52,2
249,249,6,128,37,17999,9,12,8.0,108.0,6.4,2
250,250,3,32,31,8499,9,1,2.0,13.0,6.22,2
251,251,3,64,31,9499,9,0,2.0,13.0,6.22,2
252,252,4,64,31,10499,9,1,2.0,13.0,6.22,2
253,253,6,64,34,17999,9,11,8.0,64.0,6.5,2
254,254,6,64,34,17999,9,1,8.0,64.0,6.5,2
255,255,3,32,31,8499,9,0,2.0,13.0,6.22,2
256,256,4,64,34,14999,9,0,8.0,48.0,6.5,2
257,257,2,32,31,8999,9,0,2.0,13.0,6.2,2
258,258,6,64,34,15999,9,0,8.0,48.0,6.5,2
259,259,4,64,34,14999,9,11,8.0,48.0,6.5,2
260,260,6,64,34,14999,9,11,8.0,48.0,6.5,2
261,261,4,64,25,13999,9,1,5.0,16.0,6.3,2
262,262,2,16,31,8990,9,0,2.0,13.0,6.2,2
263,263,2,16,31,8990,9,1,2.0,13.0,6.2,2
264,264,4,128,49,11999,9,1,8.0,12.0,6.52,2
265,265,4,64,49,10999,9,5,8.0,12.0,6.52,2
266,266,4,64,49,10999,9,1,8.0,12.0,6.52,2
267,267,6,64,24,15999,9,1,8.0,48.0,6.3,2
268,268,8,128,24,17999,9,1,8.0,48.0,6.3,2
269,269,6,64,24,15999,9,5,8.0,48.0,6.3,2
270,270,4,64,24,14999,9,1,8.0,48.0,6.3,2
271,271,4,64,24,14999,9,5,8.0,48.0,6.3,2
272,272,4,128,49,14249,9,1,8.0,64.0,6.5,2
273,273,8,128,37,21999,9,10,8.0,64.0,6.4,2
274,274,2,32,49,5299,9,1,8.0,8.0,6.5,2
275,275,8,128,49,19999,9,0,2.0,108.0,6.72,2
276,276,8,256,49,27999,9,0,8.0,108.0,6.7,2
277,277,8,256,49,27999,9,0,8.0,108.0,6.7,2
278,278,6,128,49,19999,9,0,2.0,48.0,6.6,2
279,279,12,256,49,31999,9,5,8.0,50.0,6.62,0
280,280,4,128,55,11999,9,1,2.0,13.0,6.5,2
281,281,8,128,49,18499,9,1,2.0,48.0,6.5,2
282,282,4,64,49,15499,9,1,2.0,48.0,6.5,2
283,283,6,128,49,17499,9,0,2.0,48.0,6.5,2
284,284,6,128,49,17499,9,0,2.0,48.0,6.5,2
285,285,8,128,49,19999,9,0,8.0,48.0,6.5,2
286,286,6,128,49,17499,9,1,2.0,48.0,6.5,2
287,287,6,128,37,24999,9,5,8.0,50.0,6.4,0
288,288,3,32,49,8999,9,6,2.0,12.0,6.52,2
289,289,4,64,55,11499,9,5,2.0,50.0,6.5,2
290,290,12,256,49,35999,9,5,8.0,64.0,6.62,2
291,291,2,32,49,8999,9,5,2.0,13.0,6.5,2
292,292,8,128,34,27999,9,6,8.0,64.0,6.43,2
293,293,3,32,55,8999,9,0,2.0,13.0,6.51,2
294,294,3,32,55,8999,9,1,2.0,13.0,6.51,2
295,295,6,64,14,15990,9,0,2.0,16.0,6.3,2
296,296,4,128,55,10999,9,1,2.0,13.0,6.5,2
297,297,4,64,55,9999,9,6,2.0,13.0,6.5,2
298,298,8,128,49,20999,9,1,8.0,64.0,6.5,2
299,299,8,256,34,29999,9,0,8.0,64.0,6.43,2
300,300,8,256,34,29999,9,6,8.0,64.0,6.43,2
301,301,6,128,34,25999,9,11,8.0,64.0,6.43,2
302,302,6,128,34,25999,9,0,8.0,64.0,6.43,2
303,303,8,128,34,27999,9,1,8.0,64.0,6.43,2
304,304,6,128,34,25999,9,6,8.0,64.0,6.43,2
305,305,6,128,34,25999,9,1,8.0,64.0,6.43,2
306,306,4,128,55,11999,9,1,2.0,50.0,6.5,2
307,307,4,64,55,11499,9,1,2.0,50.0,6.5,2
308,308,3,32,55,10999,9,10,2.0,13.0,6.52,2
309,309,4,64,55,10999,9,1,2.0,13.0,6.52,2
310,310,4,64,55,9999,9,10,2.0,13.0,6.52,2
311,311,4,64,31,11990,9,0,2.0,13.0,6.2,2
312,312,6,128,49,15999,9,9,2.0,50.0,6.6,2
313,313,4,64,55,9999,9,1,2.0,13.0,6.51,2
314,314,4,64,55,9999,9,0,2.0,13.0,6.51,2
315,315,4,64,55,12999,9,1,8.0,13.0,6.52,2
316,316,4,64,55,12999,9,10,8.0,13.0,6.52,2
317,317,8,128,49,17999,9,10,8.0,64.0,6.4,2
318,318,8,128,49,19999,9,9,2.0,64.0,6.5,2
319,319,6,128,49,17999,9,1,2.0,64.0,6.5,2
320,320,3,32,19,8999,9,1,2.0,13.0,6.1,2
321,321,3,32,19,8999,9,0,2.0,13.0,6.1,2
322,322,4,64,19,17999,9,8,8.0,64.0,6.4,2
323,323,8,128,19,20999,9,8,8.0,64.0,6.4,2
324,324,4,64,55,10499,9,1,8.0,48.0,6.52,2
325,325,8,128,49,19999,9,1,2.0,64.0,6.5,2
326,326,4,128,55,11499,9,1,8.0,48.0,6.52,2
327,327,4,128,55,11499,9,10,8.0,48.0,6.52,2
328,328,6,128,49,17999,9,9,2.0,64.0,6.5,2
329,329,8,128,37,26999,9,1,8.0,50.0,6.4,0
330,330,3,32,19,8999,9,0,2.0,13.0,6.1,2
331,331,4,64,55,10499,9,10,8.0,48.0,6.52,2
332,332,4,128,17,17999,9,11,5.0,48.0,6.53,2
333,333,8,128,49,20999,9,0,2.0,108.0,6.72,2
334,334,12,256,37,29999,9,10,8.0,64.0,6.43,2
335,335,4,64,34,13999,9,11,8.0,64.0,6.5,2
336,336,8,128,49,20999,9,0,2.0,108.0,6.72,2
337,337,4,64,34,13999,9,11,8.0,64.0,6.5,2
338,338,8,128,37,16999,9,0,8.0,48.0,6.5,2
339,339,4,64,55,10499,9,1,8.0,48.0,6.52,2
340,340,6,64,34,17999,9,1,12.0,64.0,6.6,2
341,341,12,256,37,29999,9,0,8.0,64.0,6.43,2
342,342,8,128,37,16999,9,11,8.0,48.0,6.5,2
343,343,6,64,37,14999,9,11,8.0,48.0,6.5,2
344,344,12,256,37,29999,9,10,8.0,64.0,6.43,2
345,345,6,128,49,21990,9,0,8.0,48.0,6.4,1
346,346,12,256,37,29999,9,0,8.0,64.0,6.43,2
347,347,8,128,35,21999,9,10,8.0,64.0,6.43,2
348,348,8,128,35,21999,9,0,8.0,64.0,6.43,2
349,349,4,128,49,11999,9,6,2.0,50.0,6.5,2
350,350,4,64,49,11849,9,5,8.0,64.0,6.5,2
351,351,4,64,49,11849,9,1,8.0,64.0,6.5,2
352,352,8,128,19,20999,9,8,8.0,64.0,6.4,2
353,353,6,128,19,19999,9,8,8.0,64.0,6.4,2
354,354,4,128,49,14249,9,5,8.0,64.0,6.5,2
355,355,8,128,37,26999,9,10,8.0,64.0,6.43,2
356,356,8,128,37,26999,9,0,8.0,64.0,6.43,2
357,357,3,32,49,10999,9,10,2.0,12.0,6.5,2
358,358,8,128,37,19999,9,0,8.0,108.0,6.4,2
359,359,6,64,19,29999,9,11,13.0,64.0,6.5,2
360,360,8,128,30,27999,9,11,12.0,64.0,6.57,2
361,361,8,128,30,27999,9,1,12.0,64.0,6.57,2
362,362,3,32,49,10999,9,1,2.0,12.0,6.5,2
363,363,4,128,49,12999,9,1,8.0,48.0,6.5,2
364,364,4,64,19,16999,9,8,8.0,64.0,6.4,1
365,365,6,128,37,17999,9,1,8.0,108.0,6.4,2
366,366,4,64,49,11999,9,10,2.0,12.0,6.5,2
367,367,4,64,49,9499,9,11,2.0,12.0,6.52,2
368,368,12,256,19,35999,9,11,13.0,64.0,6.5,2
369,369,8,128,19,31999,9,11,13.0,64.0,6.5,2
370,370,8,128,37,21999,9,0,8.0,64.0,6.4,2
371,371,6,64,37,14999,9,0,8.0,48.0,6.5,2
372,372,8,128,37,21999,9,1,8.0,64.0,6.4,2
373,373,6,128,37,19999,9,1,8.0,64.0,6.4,2
374,374,6,128,37,19999,9,0,8.0,64.0,6.4,2
375,375,3,64,31,9499,9,1,2.0,13.0,6.22,2
376,376,8,128,37,19999,9,12,8.0,108.0,6.4,2
377,377,4,128,49,11999,9,11,8.0,48.0,6.5,2
378,378,4,128,49,11999,9,1,8.0,48.0,6.5,2
379,379,3,32,31,9999,9,0,2.0,13.0,6.2,2
380,380,8,128,24,16999,9,11,8.0,48.0,6.3,2
381,381,8,128,37,26999,9,0,8.0,64.0,6.43,2
382,382,8,128,55,11898,10,7,8.0,50.0,6.7,1
383,383,8,128,55,11874,10,0,8.0,50.0,6.7,1
384,384,1,8,4,5999,10,0,8.0,8.0,6.5,1
385,385,4,64,49,10749,10,1,2.0,12.0,6.22,2
386,386,4,64,55,13990,10,0,8.0,8.0,6.5,1
387,387,1,16,4,5999,10,1,8.0,8.0,6.5,1
388,388,3,32,49,8190,10,0,8.0,13.0,6.53,2
389,389,8,128,32,23890,12,1,8.0,64.0,6.55,2
390,390,3,32,49,8190,10,1,8.0,13.0,6.53,2
391,391,6,128,39,33999,3,0,8.0,48.0,6.67,2
392,392,6,128,39,32980,3,11,8.0,48.0,6.67,2
393,393,6,128,49,11999,10,0,8.0,13.0,6.53,1
394,394,12,256,40,49990,12,0,8.0,50.0,6.73,0
395,395,6,128,37,24999,12,0,8.0,108.0,6.67,0
396,396,8,256,40,46490,12,0,8.0,50.0,6.73,0
397,397,6,128,49,19999,10,11,8.0,108.0,6.67,1
398,398,8,128,53,26999,12,9,8.0,108.0,6.67,0
399,399,8,256,49,27990,10,1,8.0,108.0,6.67,1
400,400,2,32,19,6999,10,4,8.0,12.0,5.45,2
401,401,6,128,32,23490,12,1,8.0,64.0,6.55,2
402,402,6,128,49,21999,10,1,8.0,108.0,6.67,1
403,403,4,64,19,13999,10,0,5.0,48.0,6.3,2
404,404,8,128,49,32980,12,0,8.0,108.0,6.67,1
405,405,6,128,32,21999,12,0,8.0,64.0,6.55,2
406,406,8,128,32,20990,3,0,8.0,64.0,6.55,2
407,407,2,32,19,6999,10,4,8.0,12.0,5.45,2
408,408,6,128,32,21999,12,0,8.0,64.0,6.55,2
409,409,8,128,49,32980,12,0,8.0,108.0,6.67,1
410,410,6,128,53,24999,12,8,8.0,108.0,6.67,0
411,411,4,64,8,13499,10,6,5.0,12.0,5.99,2
412,412,8,128,39,30999,3,11,8.0,48.0,6.67,2
413,413,8,256,40,46490,12,0,8.0,50.0,6.73,0
414,414,8,128,49,18900,10,0,8.0,108.0,6.43,1
415,415,6,128,37,24999,12,9,8.0,108.0,6.67,0
416,416,2,32,19,6999,10,1,8.0,12.0,5.45,2
417,417,3,64,4,10499,10,0,5.0,12.0,5.45,2
418,418,8,128,32,23999,3,0,8.0,64.0,6.55,2
419,419,6,128,53,24999,12,9,8.0,108.0,6.67,0
420,420,6,128,49,19999,10,11,8.0,108.0,6.67,1
421,421,12,256,49,39999,12,11,8.0,108.0,6.67,1
422,422,6,128,32,19950,3,0,8.0,64.0,6.55,2
423,423,4,64,19,14999,10,0,2.0,12.0,6.3,2
424,424,8,128,32,23999,3,1,8.0,64.0,6.55,2
425,425,4,64,49,10999,10,1,2.0,13.0,6.53,2
426,426,6,128,49,21990,10,1,8.0,108.0,6.67,1
427,427,6,128,53,24999,12,0,8.0,108.0,6.67,0
428,428,8,128,49,47999,3,0,13.0,108.0,6.67,2
429,429,8,256,49,34790,12,0,8.0,108.0,6.67,1
430,430,3,32,19,11999,10,0,5.0,48.0,6.3,2
431,431,3,32,4,8999,10,4,5.0,12.0,5.45,2
432,432,3,64,4,10499,10,1,5.0,12.0,5.45,2
433,433,4,64,49,10999,10,0,2.0,12.0,6.22,2
434,434,3,32,8,10499,10,1,5.0,12.0,5.99,2
435,435,4,64,19,11999,10,0,8.0,12.0,5.99,2
436,436,4,64,5,17499,3,4,12.0,20.0,5.99,2
437,437,6,64,19,16999,10,4,5.0,12.0,5.99,2
438,438,3,32,49,8999,10,11,2.0,13.0,6.22,2
439,439,4,64,19,15999,10,1,5.0,12.0,6.26,2
440,440,4,64,19,14999,10,4,5.0,12.0,5.99,2
441,441,3,64,49,9999,10,6,2.0,13.0,6.22,2
442,442,2,32,49,7999,10,0,8.0,12.0,6.22,2
443,443,3,32,19,11999,10,11,5.0,48.0,6.3,2
444,444,8,128,49,19399,10,1,8.0,50.0,6.6,1
445,445,2,32,19,6999,10,0,8.0,12.0,5.45,2
446,446,4,64,19,14999,10,0,5.0,12.0,5.99,2
447,447,2,16,4,6499,10,4,8.0,13.0,5.45,1
448,448,6,128,19,24999,10,8,13.0,48.0,6.39,2
449,449,4,128,51,16999,10,11,8.0,48.0,6.67,1
450,450,2,16,4,6499,10,0,8.0,13.0,5.45,1
451,451,6,64,19,16999,10,0,5.0,48.0,6.3,2
452,452,3,32,4,8999,10,1,5.0,12.0,5.45,2
453,453,8,128,49,37999,3,10,13.0,64.0,6.67,2
454,454,1,16,4,5999,10,0,8.0,8.0,6.5,1
455,455,3,32,19,12999,10,0,2.0,12.0,6.3,2
456,456,1,8,4,5999,10,1,8.0,8.0,6.5,1
457,457,4,64,19,13999,10,1,5.0,48.0,6.3,2
458,458,4,64,19,13999,10,11,5.0,48.0,6.3,2
459,459,3,32,9,6999,10,4,8.0,13.0,6.5,1
460,460,4,64,19,15999,10,0,5.0,12.0,6.26,2
461,461,6,64,19,17999,10,0,5.0,12.0,6.26,2
462,462,6,128,49,19699,10,0,8.0,50.0,6.6,1
463,463,3,32,19,12999,10,0,2.0,12.0,6.3,2
464,464,12,256,49,39999,12,11,8.0,108.0,6.67,1
465,465,4,64,19,15999,10,0,5.0,48.0,6.3,2
466,466,4,64,19,15999,10,1,5.0,48.0,6.3,2
467,467,6,128,39,23990,3,0,8.0,48.0,6.67,1
468,468,4,64,19,11999,10,4,8.0,12.0,5.99,2
469,469,2,16,19,6499,10,4,8.0,12.0,5.45,2
470,470,4,64,19,15999,10,0,5.0,12.0,6.26,2
471,471,6,64,19,16999,10,0,5.0,12.0,5.99,2
472,472,3,64,4,10499,10,4,5.0,12.0,5.45,2
473,473,3,32,28,8999,10,4,8.0,13.0,6.5,1
474,474,3,32,49,7650,10,5,8.0,13.0,6.53,1
475,475,2,32,49,6899,10,5,8.0,13.0,6.53,1
476,476,2,32,49,7195,10,2,8.0,13.0,6.53,1
477,477,3,32,49,7368,10,1,8.0,13.0,6.53,1
478,478,3,32,49,7185,10,2,8.0,13.0,6.53,1
479,479,2,32,49,7185,10,1,8.0,13.0,6.53,1
480,480,6,128,55,13996,10,0,8.0,8.0,6.5,1
481,481,6,128,32,20990,12,0,8.0,64.0,6.55,2
482,482,2,32,49,7299,10,5,8.0,13.0,6.53,2
483,483,8,128,49,19990,10,11,8.0,108.0,6.67,1
484,484,6,128,49,17490,10,0,8.0,108.0,6.67,1
485,485,6,128,49,17990,10,11,8.0,50.0,6.6,1
486,486,8,128,49,18880,10,11,8.0,50.0,6.6,1
487,487,6,128,49,20899,10,1,8.0,108.0,6.67,1
488,488,3,32,19,11999,10,0,5.0,48.0,6.3,2
489,489,8,128,32,23990,12,0,8.0,64.0,6.55,2
490,490,8,128,49,21995,10,11,8.0,108.0,6.67,1
491,491,6,128,49,18500,10,0,8.0,108.0,6.67,1
492,492,8,128,49,22945,10,1,8.0,108.0,6.67,1
493,493,8,128,37,26999,12,9,8.0,108.0,6.67,0
494,494,8,128,39,29990,3,10,8.0,108.0,6.67,2
495,495,8,128,37,26999,12,0,8.0,108.0,6.67,0
496,496,6,128,32,22490,0,0,8.0,64.0,6.55,1
497,497,8,128,49,21990,10,11,8.0,108.0,6.67,1
498,498,6,128,49,23990,10,0,8.0,108.0,6.67,1
499,499,6,128,32,21999,3,1,8.0,64.0,6.55,2
500,500,6,128,55,14998,10,1,8.0,8.0,6.5,1
501,501,8,128,49,18770,10,0,8.0,50.0,6.6,1
502,502,8,128,49,37999,3,0,13.0,64.0,6.67,2
503,503,3,32,4,8999,10,0,5.0,12.0,5.45,2
504,504,2,32,49,7999,10,0,8.0,12.0,6.22,2
505,505,3,32,49,7999,10,5,8.0,13.0,6.53,2
506,506,4,64,55,11299,10,11,8.0,8.0,6.5,1
507,507,2,16,19,6499,10,1,8.0,12.0,5.45,2
508,508,4,64,19,13999,10,0,5.0,48.0,6.3,2
509,509,12,256,49,39999,12,0,8.0,108.0,6.67,1
510,510,6,128,19,24999,10,1,13.0,48.0,6.39,2
511,511,3,32,49,8999,10,6,2.0,13.0,6.22,2
512,512,6,128,19,16999,10,0,5.0,48.0,6.3,2
513,513,6,128,53,24999,12,5,8.0,108.0,6.67,0
514,514,8,256,40,46450,12,0,8.0,50.0,6.73,0
515,515,4,64,19,15999,10,11,5.0,48.0,6.3,2
516,516,4,64,28,12749,10,0,8.0,13.0,5.5,1
517,517,4,64,28,12749,10,4,8.0,13.0,5.5,1
518,518,4,64,49,10999,10,5,2.0,12.0,6.22,2
519,519,4,64,28,12749,10,6,8.0,13.0,5.5,1
520,520,6,64,19,22999,10,1,13.0,48.0,6.39,2
521,521,8,256,49,33990,12,0,8.0,108.0,6.67,1
522,522,8,128,49,32390,12,11,8.0,108.0,6.67,1
523,523,6,64,19,17999,10,1,5.0,12.0,6.26,2
524,524,6,64,19,16999,10,1,5.0,48.0,6.3,2
525,525,4,64,19,15999,10,4,5.0,12.0,6.26,2
526,526,6,128,32,21990,0,0,8.0,64.0,6.55,1
527,527,8,128,32,23990,0,1,8.0,64.0,6.55,1
528,528,8,128,32,23990,0,0,8.0,64.0,6.55,1
529,529,6,128,32,21990,12,0,8.0,64.0,6.55,2
530,530,4,64,49,9999,10,7,2.0,13.0,6.53,2
531,531,8,128,32,25999,12,0,8.0,64.0,6.55,2
532,532,2,16,4,5999,10,1,8.0,13.0,6.5,1
533,533,6,128,32,22490,0,1,8.0,64.0,6.55,1
534,534,2,32,19,8099,10,1,8.0,12.0,6.26,1
535,535,3,32,4,6999,10,4,8.0,13.0,6.5,1
536,536,3,32,4,6999,10,4,8.0,13.0,6.5,1
537,537,2,16,4,5999,10,6,8.0,13.0,6.5,1
538,538,3,32,19,10999,10,4,8.0,12.0,5.99,2
539,539,8,256,19,31999,10,0,13.0,48.0,6.39,2
540,540,4,64,19,12349,10,0,2.0,12.0,6.3,2
541,541,4,64,8,13499,10,4,5.0,12.0,5.99,2
542,542,3,32,19,10999,10,4,8.0,12.0,5.99,2
543,543,8,256,49,34890,12,11,8.0,108.0,6.67,1
544,544,2,16,4,5999,10,4,8.0,13.0,6.5,1
545,545,4,64,54,14999,3,0,8.0,12.0,6.44,1
546,546,4,64,5,17499,3,0,12.0,20.0,5.99,2
547,547,6,128,23,17499,3,11,8.0,48.0,6.08,2
548,548,3,32,4,6999,10,6,8.0,13.0,6.5,1
549,549,6,64,19,16999,10,0,5.0,12.0,5.99,2
550,550,6,128,23,17499,3,11,8.0,48.0,6.08,2
551,551,3,32,4,6999,10,6,8.0,13.0,6.5,1
552,552,6,64,19,16999,10,0,5.0,12.0,5.99,2
553,553,2,16,4,5999,10,4,8.0,13.0,6.5,1
554,554,6,128,19,28999,10,0,13.0,48.0,6.39,2
555,555,3,32,19,10999,10,0,8.0,12.0,5.99,2
556,556,4,64,19,12999,10,1,8.0,48.0,6.3,2
557,557,3,32,8,8990,10,0,5.0,12.0,5.99,2
558,558,3,32,19,10999,10,1,8.0,12.0,5.99,2
559,559,4,64,19,12999,10,9,8.0,48.0,6.3,2
560,560,6,128,32,24990,12,0,8.0,64.0,6.55,1
561,561,4,64,19,14999,10,4,5.0,12.0,5.99,2
562,562,4,64,19,12999,10,0,8.0,48.0,6.3,2
563,563,4,64,19,12349,10,0,2.0,12.0,6.3,2
564,564,4,64,19,12999,10,11,8.0,48.0,6.3,2
565,565,4,64,19,14999,10,1,5.0,12.0,5.99,2
566,566,6,64,19,16999,10,0,5.0,48.0,6.3,2
567,567,12,256,49,39990,12,0,8.0,108.0,6.67,1
568,568,3,32,49,8999,10,1,8.0,12.0,6.22,2
569,569,6,128,19,28999,10,1,13.0,48.0,6.39,2
570,570,6,64,19,16999,10,1,5.0,12.0,5.99,2
571,571,3,32,9,6999,10,6,8.0,13.0,6.5,1
572,572,8,128,53,26999,12,0,8.0,108.0,6.67,0
573,573,4,64,19,13499,10,0,8.0,12.0,5.84,1
574,574,4,64,51,14450,10,0,8.0,48.0,6.67,2
575,575,3,32,19,9999,10,0,2.0,12.0,6.26,2
576,576,4,64,51,14990,10,4,48.0,48.0,6.67,2
577,577,6,128,19,14998,10,1,8.0,48.0,6.3,2
578,578,6,128,55,13495,10,0,8.0,8.0,6.5,1
579,579,2,32,49,6749,10,5,8.0,13.0,6.53,2
580,580,3,32,49,8999,10,0,8.0,12.0,6.22,2
581,581,3,32,49,7999,10,0,8.0,13.0,6.53,1
582,582,4,64,55,11180,10,1,8.0,8.0,6.5,1
583,583,3,32,19,11999,10,1,5.0,48.0,6.3,2
584,584,8,128,32,22800,12,0,8.0,64.0,6.55,2
585,585,8,128,39,24808,3,0,8.0,48.0,6.67,2
586,586,6,128,49,20425,10,0,8.0,108.0,6.67,1
587,587,6,128,37,24999,12,5,8.0,108.0,6.67,0
588,588,6,128,49,17990,10,11,8.0,50.0,6.6,1
589,589,6,64,49,16795,10,1,8.0,50.0,6.6,1
590,590,6,64,49,14990,10,11,8.0,50.0,6.6,1
591,591,8,128,49,20000,10,1,8.0,108.0,6.67,1
592,592,8,128,49,20990,10,1,8.0,108.0,6.67,1
593,593,8,128,49,19980,10,11,8.0,108.0,6.67,1
594,594,6,128,49,17490,10,0,8.0,108.0,6.67,1
595,595,3,32,19,11999,10,0,5.0,48.0,6.3,2
596,596,6,128,55,12999,10,1,8.0,8.0,6.5,1
597,597,8,128,37,26999,12,9,8.0,108.0,6.67,0
598,598,6,128,39,24490,3,10,8.0,48.0,6.67,2
599,599,6,128,19,17999,10,1,5.0,48.0,6.3,2
600,600,4,64,5,17499,3,1,12.0,20.0,5.99,2
601,601,6,128,19,24999,10,0,13.0,48.0,6.39,2
602,602,8,128,39,25999,3,10,8.0,108.0,6.67,2
603,603,6,128,49,17850,10,0,8.0,108.0,6.67,1
604,604,6,128,49,20990,10,11,8.0,108.0,6.67,1
605,605,4,64,5,17499,3,4,12.0,20.0,5.99,2
606,606,2,16,28,6999,10,6,8.0,13.0,6.5,1
607,607,8,128,53,26999,12,8,8.0,108.0,6.67,0
608,608,8,256,39,34999,3,10,8.0,108.0,6.67,2
609,609,4,64,49,10999,10,0,2.0,12.0,6.22,2
610,610,2,32,4,5599,10,0,8.0,13.0,5.45,1
611,611,8,256,49,22999,10,1,8.0,108.0,6.67,1
612,612,2,16,19,6499,10,0,8.0,12.0,5.45,2
613,613,6,128,32,21999,3,0,8.0,64.0,6.55,2
614,614,2,16,4,6485,10,4,8.0,13.0,5.45,1
615,615,4,64,49,8935,10,2,2.0,13.0,6.53,2
616,616,4,64,19,14999,10,1,2.0,12.0,6.3,2
617,617,6,128,49,18995,10,0,8.0,108.0,6.67,1
618,618,4,64,8,14599,3,0,12.0,12.0,5.5,1
619,619,6,128,19,17999,10,0,5.0,48.0,6.3,2
620,620,4,64,12,8299,10,1,8.0,12.0,5.7,1
621,621,2,16,7,16999,4,6,8.0,13.0,6.5,1
622,622,4,64,49,9015,10,1,2.0,13.0,6.53,2
623,623,4,64,49,8935,10,2,2.0,13.0,6.53,2
624,624,4,64,19,14999,10,1,2.0,12.0,6.3,2
625,625,8,128,53,26999,12,8,8.0,108.0,6.67,0
626,626,4,64,8,14599,3,0,12.0,12.0,5.5,1
627,627,2,16,7,16999,4,6,8.0,13.0,6.5,1
628,628,3,32,8,10499,10,6,5.0,12.0,5.99,2
629,629,3,32,8,10499,10,4,5.0,12.0,5.99,2
630,630,6,128,5,20500,3,1,12.0,20.0,5.99,2
631,631,3,32,12,9999,10,4,8.0,12.0,5.7,2
632,632,8,256,19,31999,10,8,13.0,48.0,6.39,2
633,633,2,32,19,6990,10,0,8.0,12.0,6.26,1
634,634,3,32,8,10499,10,4,5.0,12.0,5.99,2
635,635,6,64,19,22999,10,8,13.0,48.0,6.39,2
636,636,3,64,49,9999,10,11,2.0,13.0,6.22,2
637,637,4,64,12,8299,10,1,8.0,12.0,5.7,1
638,638,6,64,19,22999,10,0,13.0,48.0,6.39,2
639,639,8,256,49,24450,6,0,8.0,108.0,6.67,1
640,640,3,32,4,24999,3,11,8.0,16.0,5.15,1
641,641,2,16,28,6999,10,10,8.0,13.0,6.5,1
642,642,2,16,28,6999,10,4,8.0,13.0,6.5,1
643,643,4,128,49,9990,10,1,8.0,13.0,6.53,2
644,644,3,32,4,24999,3,4,8.0,16.0,5.15,1
645,645,4,64,19,11999,10,1,8.0,12.0,5.99,2
646,646,3,32,49,9499,13,0,8.0,13.0,6.53,1
647,647,3,32,46,14999,3,10,8.0,16.0,6.44,1
648,648,8,128,37,26999,12,5,8.0,108.0,6.67,0
649,649,2,32,4,6749,10,1,8.0,13.0,5.45,1
650,650,6,128,19,28999,10,8,13.0,48.0,6.39,2
651,651,8,128,37,26999,12,8,8.0,108.0,6.67,0
652,652,2,16,6,12999,3,1,8.0,13.0,6.5,1
653,653,4,64,28,12749,10,1,8.0,13.0,5.5,1
654,654,3,32,4,24999,3,0,8.0,16.0,5.15,1
655,655,6,128,39,23990,3,10,8.0,48.0,6.67,1
656,656,8,256,19,31999,10,2,13.0,48.0,6.39,2
657,657,3,32,46,14999,3,6,8.0,16.0,6.44,1
658,658,6,64,44,21999,3,0,8.0,108.0,6.67,2
659,659,6,128,5,20500,3,4,12.0,20.0,5.99,2
660,660,6,128,5,20500,3,0,12.0,20.0,5.99,2
661,661,2,32,9,14999,3,6,8.0,13.0,6.5,1
662,662,6,128,5,20500,3,0,12.0,20.0,5.99,2
663,663,6,128,55,13480,10,11,8.0,8.0,6.5,1
664,664,8,256,49,22999,10,1,8.0,108.0,6.67,1
665,665,4,64,8,13499,10,4,5.0,12.0,5.99,2
666,666,2,32,4,6790,10,4,8.0,13.0,5.45,1
667,667,2,16,4,6495,10,1,8.0,13.0,5.45,1
668,668,3,32,28,10649,10,6,8.0,13.0,5.5,1
669,669,6,128,23,17499,3,1,8.0,48.0,6.08,2
670,670,6,64,19,17999,10,0,5.0,12.0,6.26,2
671,671,6,64,44,21999,3,1,8.0,108.0,6.67,2
672,672,6,64,19,16999,10,4,5.0,12.0,5.99,2
673,673,6,128,51,14990,10,11,8.0,48.0,6.67,2
674,674,6,128,19,15999,10,0,8.0,48.0,6.3,2
675,675,6,128,19,17999,10,11,5.0,48.0,6.3,2
676,676,4,64,19,15999,10,0,5.0,48.0,6.3,2
677,677,6,128,19,15999,10,11,8.0,48.0,6.3,2
678,678,1,8,1,5999,10,0,8.0,8.0,4.7,1
679,679,2,16,6,12999,3,6,8.0,13.0,6.5,1
680,680,8,128,49,38849,3,10,13.0,108.0,6.67,2
681,681,4,64,19,11999,10,4,8.0,12.0,5.99,2
682,682,4,64,8,13999,10,1,5.0,12.0,5.99,2
683,683,6,64,19,16999,10,11,5.0,48.0,6.3,2
684,684,4,64,5,17499,3,1,12.0,20.0,5.99,2
685,685,6,64,19,17999,10,4,5.0,12.0,6.26,2
686,686,4,64,8,11999,10,6,8.0,13.0,5.5,1
687,687,6,128,51,19999,10,4,8.0,48.0,6.67,2
688,688,4,64,19,14999,10,0,5.0,12.0,5.99,2
689,689,3,32,28,8999,10,10,8.0,13.0,6.5,1
690,690,2,32,19,7490,10,0,8.0,12.0,6.26,1
691,691,4,64,8,14599,3,0,12.0,12.0,5.5,1
692,692,3,32,28,8999,10,6,8.0,13.0,6.5,1
693,693,6,128,32,22500,0,0,8.0,64.0,6.55,1
694,694,8,128,32,25000,0,0,8.0,64.0,6.55,1
695,695,2,16,6,12999,3,12,8.0,13.0,6.5,1
696,696,3,32,49,8999,10,1,2.0,13.0,6.22,2
697,697,2,16,6,12999,3,11,8.0,13.0,6.5,1
698,698,2,16,6,12999,3,6,8.0,13.0,6.5,1
699,699,3,64,49,9999,10,1,2.0,13.0,6.22,2
700,700,8,128,42,54999,3,5,13.0,108.0,6.67,1
701,701,3,16,8,14999,5,11,8.0,13.0,6.5,1
702,702,2,32,4,6999,10,4,8.0,13.0,5.45,1
703,703,4,64,50,12995,10,11,8.0,48.0,6.67,1
704,704,8,128,49,17000,10,0,8.0,108.0,6.43,1
705,705,8,256,32,42990,12,0,8.0,20.0,6.5,1
706,706,8,128,32,23990,0,0,8.0,64.0,6.55,1
707,707,8,256,32,40990,12,0,8.0,20.0,6.5,1
708,708,6,128,32,31900,12,0,8.0,64.0,6.55,1
709,709,4,64,19,9940,10,1,2.0,12.0,6.26,2
710,710,8,128,32,25990,12,1,8.0,64.0,6.55,1
711,711,8,128,32,24985,12,0,8.0,64.0,6.55,1
712,712,6,128,32,31900,12,0,8.0,64.0,6.55,1
713,713,6,128,32,24999,12,1,8.0,64.0,6.55,1
714,714,2,16,12,7490,10,0,8.0,12.0,5.7,2
715,715,6,128,19,15999,10,9,8.0,48.0,6.3,2
716,716,6,128,13,37999,3,0,8.0,12.0,5.99,2
717,717,3,32,4,6999,10,1,8.0,13.0,6.5,1
718,718,2,16,2,6999,10,6,8.0,8.0,4.7,1
719,719,2,16,2,6999,10,11,8.0,8.0,4.7,1
720,720,2,16,4,5999,10,4,8.0,13.0,6.5,1
721,721,3,32,26,6990,10,4,8.0,16.0,5.5,1
722,722,3,32,8,8999,10,6,8.0,13.0,5.5,1
723,723,4,64,12,11990,10,0,8.0,12.0,5.7,2
724,724,8,256,39,31990,3,0,8.0,108.0,6.67,2
725,725,4,64,23,14999,3,11,8.0,48.0,6.088,2
726,726,3,32,19,11990,10,11,8.0,48.0,6.3,2
727,727,3,32,19,11450,10,0,8.0,48.0,6.3,2
728,728,2,16,12,8499,10,1,8.0,12.0,5.7,2
729,729,4,64,23,14999,3,6,8.0,48.0,6.088,2
730,730,8,128,44,24099,3,0,8.0,108.0,6.67,2
731,731,6,128,44,21975,3,0,8.0,108.0,6.67,2
732,732,8,128,42,54999,3,6,13.0,108.0,6.67,1
733,733,4,64,12,10990,10,4,8.0,12.0,5.7,2
734,734,3,32,19,11990,10,1,8.0,48.0,6.3,2
735,735,8,256,42,59999,3,6,13.0,108.0,6.67,1
736,736,4,64,8,14599,3,4,12.0,12.0,5.5,1
737,737,4,64,8,14999,3,4,12.0,12.0,5.5,1
738,738,4,64,23,14999,3,1,8.0,48.0,6.088,2
739,739,4,64,19,10549,10,0,5.0,12.0,5.84,2
740,740,2,16,12,8489,10,4,8.0,12.0,5.7,2
741,741,3,32,19,8799,10,0,2.0,12.0,6.26,2
742,742,4,64,19,10725,10,4,5.0,12.0,5.84,2
743,743,2,16,12,8489,10,4,8.0,12.0,5.7,2
744,744,6,128,44,22690,3,0,8.0,108.0,6.67,2
745,745,8,256,42,59999,3,5,13.0,108.0,6.67,1
746,746,6,128,51,17399,10,0,8.0,48.0,6.67,2
747,747,4,128,51,13990,10,1,8.0,48.0,6.67,2
748,748,4,64,51,13690,10,4,48.0,48.0,6.67,2
749,749,4,128,51,14640,10,4,8.0,48.0,6.67,2
750,750,4,64,19,10999,10,0,2.0,12.0,6.26,2
751,751,2,16,8,7499,10,6,8.0,13.0,5.5,1
752,752,6,128,51,15990,10,1,8.0,48.0,6.67,2
753,753,4,64,19,10990,10,0,2.0,12.0,6.26,2
754,754,3,32,19,8999,10,0,2.0,12.0,6.26,2
755,755,4,64,19,11990,10,0,8.0,48.0,6.3,1
756,756,3,32,19,8990,10,4,5.0,12.0,5.84,2
757,757,8,128,44,25429,3,0,8.0,108.0,6.67,2
758,758,8,128,44,24798,3,1,8.0,108.0,6.67,2
759,759,3,32,19,8990,10,1,5.0,12.0,5.84,2
760,760,3,32,19,8999,10,0,5.0,12.0,5.84,2
761,761,4,64,19,10990,10,1,5.0,12.0,5.84,2
762,762,3,32,19,9990,10,4,5.0,12.0,5.84,2
763,763,6,128,44,19990,3,1,8.0,108.0,6.67,1
764,764,3,32,19,8999,10,0,5.0,12.0,5.84,2
765,765,3,32,19,8890,10,0,2.0,12.0,6.26,2
766,766,4,64,51,11990,10,1,8.0,48.0,6.67,2
767,767,3,32,19,8890,10,0,2.0,12.0,6.26,2
768,768,8,128,49,20990,10,0,8.0,108.0,6.67,1
769,769,128,128,61,71999,1,0,12.0,12.0,6.1,4
770,770,128,128,59,45999,1,0,12.0,12.0,6.1,1
771,771,128,128,61,61499,1,5,12.0,12.0,6.1,4
772,772,64,64,59,38999,1,11,12.0,12.0,6.1,1
773,773,128,128,61,61499,1,0,12.0,12.0,6.1,4
774,774,128,128,61,71999,1,0,12.0,12.0,6.1,4
775,775,128,128,61,71999,1,9,12.0,12.0,6.1,4
776,776,64,64,59,38999,1,0,12.0,12.0,6.1,1
777,777,128,128,61,77999,1,0,12.0,12.0,6.7,4
778,778,128,128,59,45999,1,11,12.0,12.0,6.1,1
779,779,128,128,61,71999,1,1,12.0,12.0,6.1,4
780,780,128,128,61,61499,1,0,12.0,12.0,6.1,4
781,781,128,128,61,77999,1,0,12.0,12.0,6.7,4
782,782,128,128,61,77999,1,0,12.0,12.0,6.7,4
783,783,128,128,61,77999,1,1,12.0,12.0,6.7,4
784,784,128,128,61,77999,1,9,12.0,12.0,6.7,4
785,785,128,128,61,61499,1,0,12.0,12.0,6.1,4
786,786,128,128,61,69999,1,0,12.0,12.0,6.1,4
787,787,256,256,61,81999,1,0,12.0,12.0,6.1,4
788,788,64,64,60,53999,1,9,12.0,12.0,6.1,4
789,789,128,128,61,61499,1,1,12.0,12.0,6.1,4
790,790,256,256,61,81999,1,0,12.0,12.0,6.1,4
791,791,128,128,60,57999,1,9,12.0,12.0,6.1,4
792,792,64,64,60,53999,1,0,12.0,12.0,6.1,4
793,793,256,256,61,87999,1,9,12.0,12.0,6.7,4
794,794,128,128,62,123099,1,9,12.0,48.0,6.1,4
795,795,64,64,60,53999,1,11,12.0,12.0,6.1,4
796,796,64,64,60,53999,1,5,12.0,12.0,6.1,4
797,797,128,128,59,47999,1,0,12.0,12.0,6.1,1
798,798,256,256,61,81999,1,0,12.0,12.0,6.1,4
799,799,64,64,60,53999,1,1,12.0,12.0,6.1,4
800,800,128,128,61,77999,1,12,12.0,12.0,6.7,4
801,801,256,256,61,81999,1,1,12.0,12.0,6.1,4
802,802,128,128,62,128099,1,0,12.0,48.0,6.7,4
803,803,256,256,61,87999,1,0,12.0,12.0,6.7,4
804,804,128,128,60,57999,1,0,12.0,12.0,6.1,4
805,805,128,128,62,128099,1,10,12.0,48.0,6.7,4
806,806,256,256,61,87999,1,0,12.0,12.0,6.7,4
807,807,256,256,61,87999,1,12,12.0,12.0,6.7,4
808,808,512,512,61,125999,1,10,12.0,12.0,6.1,4
809,809,256,256,61,87999,1,0,12.0,12.0,6.7,4
810,810,128,128,62,128099,1,4,12.0,48.0,6.7,4
811,811,512,512,61,101999,1,0,12.0,12.0,6.1,4
812,812,64,64,60,53999,1,0,12.0,12.0,6.1,4
813,813,256,256,61,81999,1,9,12.0,12.0,6.1,4
814,814,128,128,62,128099,1,9,12.0,48.0,6.7,4
815,815,128,128,61,72999,1,12,12.0,12.0,6.1,4
816,816,512,512,61,85499,1,0,12.0,12.0,6.1,4
817,817,128,128,62,123099,1,10,12.0,48.0,6.1,4
818,818,128,128,62,123099,1,0,12.0,48.0,6.1,4
819,819,256,256,61,87999,1,1,12.0,12.0,6.7,4
820,820,128,128,61,61499,1,0,12.0,12.0,6.1,4
821,821,512,512,61,107999,1,1,12.0,12.0,6.7,4
822,822,1,1,61,155999,1,6,12.0,12.0,6.7,4
823,823,256,256,62,133099,1,0,12.0,48.0,6.1,4
824,824,512,512,61,107999,1,0,12.0,12.0,6.7,4
825,825,256,256,60,66999,1,5,12.0,12.0,6.1,4
826,826,256,256,60,66999,1,0,12.0,12.0,6.1,4
827,827,256,256,60,66999,1,0,12.0,12.0,6.1,4
828,828,256,256,61,71499,1,0,12.0,12.0,6.1,4
829,829,128,128,62,123099,1,4,12.0,48.0,6.1,4
830,830,256,256,62,133099,1,9,12.0,48.0,6.1,4
831,831,256,256,61,71499,1,0,12.0,12.0,6.1,4
832,832,512,512,62,153099,1,0,12.0,48.0,6.1,4
833,833,512,512,61,85499,1,0,12.0,12.0,6.1,4
834,834,256,256,60,55999,1,1,12.0,12.0,5.4,4
835,835,512,512,61,85499,1,1,12.0,12.0,6.1,4
836,836,512,512,61,85499,1,0,12.0,12.0,6.1,4
837,837,256,256,60,66999,1,1,12.0,12.0,6.1,4
838,838,512,512,61,125999,1,4,12.0,12.0,6.1,4
839,839,256,256,61,71499,1,1,12.0,12.0,6.1,4
840,840,256,256,62,133099,1,10,12.0,48.0,6.1,4
841,841,256,256,61,71499,1,1,12.0,12.0,6.1,4
842,842,256,256,62,133099,1,10,12.0,48.0,6.1,4
843,843,512,512,61,107999,1,9,12.0,12.0,6.7,4
844,844,512,512,61,125999,1,4,12.0,12.0,6.1,4
845,845,256,256,60,55999,1,0,12.0,12.0,5.4,4
846,846,512,512,60,106699,1,6,12.0,12.0,6.1,4
847,847,512,512,60,106699,1,10,12.0,12.0,6.1,4
848,848,1,1,61,155999,1,5,12.0,12.0,6.7,4
849,849,512,512,61,85499,1,0,12.0,12.0,6.1,4
850,850,512,512,61,107999,1,0,12.0,12.0,6.7,4
851,851,512,512,61,85499,1,5,12.0,12.0,6.1,4
852,852,256,256,61,82999,1,12,12.0,12.0,6.1,4
853,853,512,512,61,89999,1,5,12.0,12.0,5.4,4
854,854,1,1,61,155999,1,10,12.0,12.0,6.7,4
855,855,1,1,61,144999,1,1,12.0,12.0,6.1,4
856,856,512,512,61,101999,1,0,12.0,12.0,6.1,4
857,857,512,512,62,153099,1,9,12.0,48.0,6.1,4
858,858,512,512,61,101999,1,9,12.0,12.0,6.1,4
859,859,256,256,61,71999,1,0,12.0,12.0,5.4,4
860,860,512,512,61,101999,1,0,12.0,12.0,6.1,4
861,861,512,512,61,101999,1,1,12.0,12.0,6.1,4
862,862,64,64,59,95699,1,5,12.0,12.0,6.5,4
863,863,512,512,62,153099,1,10,12.0,48.0,6.1,4
864,864,256,256,62,133099,1,4,12.0,48.0,6.1,4
865,865,512,512,61,134999,1,4,12.0,12.0,6.7,4
866,866,512,512,61,134999,1,1,12.0,12.0,6.7,4
867,867,32,32,66,29990,1,10,8.0,12.0,4.7,1
868,868,512,512,61,101999,1,1,12.0,12.0,6.1,4
869,869,512,512,62,153099,1,4,12.0,48.0,6.1,4
870,870,64,64,59,42999,1,0,12.0,12.0,6.1,1
871,871,64,64,59,42999,1,12,12.0,12.0,6.1,1
872,872,128,128,59,47999,1,9,12.0,12.0,6.1,1
873,873,64,64,58,36999,1,1,8.0,12.0,6.1,1
874,874,64,64,59,42999,1,5,12.0,12.0,6.1,1
875,875,256,256,62,138099,1,9,12.0,48.0,6.7,4
876,876,256,256,61,71499,1,5,12.0,12.0,6.1,4
877,877,64,64,60,49999,1,0,12.0,12.0,5.4,4
878,878,256,256,62,138099,1,10,12.0,48.0,6.7,4
879,879,256,256,60,55999,1,0,12.0,12.0,5.4,4
880,880,256,256,62,138099,1,0,12.0,48.0,6.7,4
881,881,512,512,61,89999,1,0,12.0,12.0,5.4,4
882,882,64,64,58,36999,1,0,8.0,12.0,6.1,1
883,883,128,128,60,54999,1,5,12.0,12.0,5.4,4
884,884,256,256,59,40990,1,11,8.0,12.0,4.7,1
885,885,128,128,61,119900,1,5,12.0,12.0,6.1,4
886,886,64,64,59,28990,1,0,8.0,12.0,4.7,1
887,887,128,128,61,129900,1,10,12.0,12.0,6.7,4
888,888,64,64,59,28990,1,0,8.0,12.0,4.7,1
889,889,1,1,61,155999,1,4,12.0,12.0,6.7,4
890,890,256,256,61,139900,1,6,12.0,12.0,6.7,4
891,891,512,512,61,89999,1,0,12.0,12.0,5.4,4
892,892,64,64,59,95699,1,6,12.0,12.0,6.5,4
893,893,512,512,61,134999,1,10,12.0,12.0,6.7,4
894,894,512,512,60,106699,1,4,12.0,12.0,6.1,4
895,895,32,32,64,28130,1,4,8.0,8.0,4.7,1
896,896,16,16,66,52000,1,6,8.0,8.0,4.7,1
897,897,512,512,61,134999,1,5,12.0,12.0,6.7,4
898,898,64,64,57,49900,1,4,12.0,12.0,5.5,1
899,899,1,1,62,173099,1,10,12.0,48.0,6.1,4
900,900,1,1,61,144999,1,5,12.0,12.0,6.1,4
901,901,64,64,57,49900,1,6,12.0,12.0,5.5,1
902,902,256,256,57,77000,1,4,8.0,12.0,4.7,1
903,903,64,64,57,39900,1,4,8.0,12.0,4.7,1
904,904,128,128,61,129900,1,4,12.0,12.0,6.7,4
905,905,256,256,57,77000,1,10,8.0,12.0,4.7,1
906,906,64,64,58,109900,1,6,12.0,12.0,6.5,1
907,907,32,32,66,30780,1,6,8.0,8.0,4.7,1
908,908,128,128,61,119900,1,4,12.0,12.0,6.1,4
909,909,1,1,61,144999,1,6,12.0,12.0,6.1,4
910,910,16,16,66,25000,1,6,8.0,8.0,6.5,3
911,911,32,32,66,34900,1,4,8.0,12.0,5.5,1
912,912,512,512,61,89999,1,0,12.0,12.0,5.4,4
913,913,256,256,61,129900,1,6,12.0,12.0,6.1,4
914,914,64,64,59,87099,1,5,12.0,12.0,5.8,4
915,915,256,256,58,124900,1,6,12.0,12.0,6.5,1
916,916,64,64,57,39900,1,10,8.0,12.0,4.7,1
917,917,256,256,57,84900,1,6,12.0,12.0,5.5,1
918,918,512,512,58,134900,1,6,12.0,12.0,5.8,1
919,919,512,512,61,134999,1,6,12.0,12.0,6.7,4
920,920,256,256,57,84900,1,10,12.0,12.0,5.5,1
921,921,256,256,61,139900,1,5,12.0,12.0,6.7,4
922,922,1,1,62,173099,1,0,12.0,48.0,6.1,4
923,923,64,64,57,49900,1,10,12.0,12.0,5.5,1
924,924,512,512,58,134900,1,4,12.0,12.0,5.8,1
925,925,256,256,58,124900,1,4,12.0,12.0,6.5,1
926,926,1,1,61,155999,1,1,12.0,12.0,6.7,4
927,927,1,1,61,144999,1,4,12.0,12.0,6.1,4
928,928,64,64,60,49999,1,11,12.0,12.0,5.4,4
929,929,256,256,61,139900,1,1,12.0,12.0,6.7,4
930,930,128,128,61,129900,1,5,12.0,12.0,6.7,4
931,931,64,64,58,36999,1,0,8.0,12.0,6.1,1
932,932,64,64,58,36999,1,11,8.0,12.0,6.1,1
933,933,128,128,60,54999,1,1,12.0,12.0,5.4,4
934,934,128,128,60,78899,1,4,12.0,12.0,6.1,4
935,935,1,1,62,178099,1,10,12.0,48.0,6.7,4
936,936,32,32,66,31500,1,0,8.0,12.0,4.7,1
937,937,256,256,61,71499,1,0,12.0,12.0,6.1,4
938,938,64,64,59,42999,1,5,12.0,12.0,6.1,1
939,939,64,64,58,36999,1,0,8.0,12.0,6.1,1
940,940,128,128,59,47999,1,9,12.0,12.0,6.1,1
941,941,64,64,58,36999,1,1,8.0,12.0,6.1,1
942,942,256,256,62,138099,1,9,12.0,48.0,6.7,4
943,943,256,256,59,40990,1,0,8.0,12.0,4.7,1
944,944,512,512,61,125999,1,5,12.0,12.0,6.1,4
945,945,16,16,66,39999,1,6,8.0,8.0,5.5,1
946,946,128,128,61,119900,1,6,12.0,12.0,6.1,4
947,947,256,256,61,71999,1,0,12.0,12.0,5.4,4
948,948,256,256,61,71999,1,0,12.0,12.0,5.4,4
949,949,256,256,61,71999,1,5,12.0,12.0,5.4,4
950,950,512,512,62,158099,1,0,12.0,48.0,6.7,4
951,951,128,128,59,47999,1,12,12.0,12.0,6.1,1
952,952,512,512,62,158099,1,10,12.0,48.0,6.7,4
953,953,128,128,60,54999,1,0,12.0,12.0,5.4,4
954,954,512,512,61,107999,1,12,12.0,12.0,6.7,4
955,955,64,64,60,49999,1,9,12.0,12.0,5.4,4
956,956,128,128,60,57999,1,5,12.0,12.0,6.1,4
957,957,128,128,61,61999,1,0,12.0,12.0,5.4,4
958,958,32,32,66,29990,1,4,8.0,12.0,4.7,1
959,959,256,256,60,88199,1,4,12.0,12.0,6.1,4
960,960,32,32,66,31500,1,4,8.0,12.0,4.7,1
961,961,128,128,60,57999,1,5,12.0,12.0,6.1,4
962,962,128,128,61,61999,1,0,12.0,12.0,5.4,4
963,963,32,32,66,29990,1,4,8.0,12.0,4.7,1
964,964,256,256,60,88199,1,4,12.0,12.0,6.1,4
965,965,32,32,66,31500,1,4,8.0,12.0,4.7,1
966,966,128,128,59,47999,1,5,12.0,12.0,6.1,1
967,967,64,64,60,49999,1,9,12.0,12.0,5.4,4
968,968,512,512,58,144900,1,10,12.0,12.0,6.5,1
969,969,256,256,56,85400,1,0,12.0,12.0,5.5,1
970,970,256,256,59,100699,1,10,12.0,12.0,5.8,4
971,971,16,16,65,49999,1,4,8.0,12.0,5.5,1
972,972,128,128,59,32990,1,0,8.0,12.0,4.7,1
973,973,32,32,66,31500,1,0,8.0,12.0,4.7,1
974,974,256,256,59,100699,1,6,12.0,12.0,5.8,4
975,975,256,256,58,91900,1,0,8.0,12.0,6.1,1
976,976,512,512,58,144900,1,6,12.0,12.0,6.5,1
977,977,512,512,59,140300,1,10,12.0,12.0,5.8,4
978,978,128,128,59,32990,1,0,8.0,12.0,4.7,1
979,979,256,256,61,71999,1,0,12.0,12.0,5.4,4
980,980,256,256,58,91900,1,0,8.0,12.0,6.1,1
981,981,512,512,59,140300,1,4,12.0,12.0,5.8,4
982,982,256,256,58,91900,1,0,8.0,12.0,6.1,1
983,983,256,256,58,91900,1,12,8.0,12.0,6.1,1
984,984,256,256,58,91900,1,1,8.0,12.0,6.1,1
985,985,64,64,65,59999,1,4,8.0,12.0,5.5,1
986,986,256,256,60,66999,1,9,12.0,12.0,6.1,4
987,987,64,64,58,36999,1,12,8.0,12.0,6.1,1
988,988,32,32,66,34900,1,6,8.0,12.0,5.5,1
989,989,64,64,58,36999,1,0,8.0,12.0,6.102,1
990,990,64,64,58,47900,1,0,8.0,12.0,6.1,1
991,991,64,64,65,49999,1,6,8.0,12.0,4.7,1
992,992,16,16,65,31999,1,4,8.0,12.0,4.7,1
993,993,128,128,60,54999,1,9,12.0,12.0,5.4,4
994,994,128,128,64,49999,1,4,8.0,8.0,4.7,1
995,995,64,64,65,49999,1,10,8.0,12.0,4.7,1
996,996,512,512,61,89999,1,1,12.0,12.0,5.4,4
997,997,64,64,58,36999,1,0,8.0,12.0,6.1,1
998,998,32,32,66,34900,1,10,8.0,12.0,5.5,1
999,999,64,64,65,59999,1,10,8.0,12.0,5.5,1
1000,1000,128,128,60,78899,1,10,12.0,12.0,6.1,4
1001,1001,128,128,59,32990,1,11,8.0,12.0,4.7,1
1002,1002,512,512,61,125999,1,1,12.0,12.0,6.1,4
1003,1003,64,64,65,59999,1,4,8.0,12.0,5.5,1
1004,1004,256,256,61,129900,1,10,12.0,12.0,6.1,4
1005,1005,64,64,59,42999,1,9,12.0,12.0,6.1,1
1006,1006,256,256,62,138099,1,0,12.0,48.0,6.7,4
1007,1007,32,32,66,37900,1,0,12.0,12.0,5.488,1
1008,1008,256,256,59,131900,1,6,12.0,12.0,6.5,4
1009,1009,256,256,59,131900,1,6,12.0,12.0,6.5,4
1010,1010,512,512,58,144900,1,4,12.0,12.0,6.5,1
1011,1011,16,16,66,36990,1,10,8.0,8.0,4.7,1
1012,1012,64,64,58,109900,1,10,12.0,12.0,6.5,1
1013,1013,32,32,66,34900,1,4,8.0,12.0,5.5,1
1014,1014,64,64,65,49999,1,4,8.0,12.0,4.7,1
1015,1015,16,16,65,49999,1,4,8.0,12.0,5.5,1
1016,1016,16,16,65,41999,1,10,8.0,12.0,4.7,1
1017,1017,128,128,65,55999,1,4,8.0,12.0,4.7,1
1018,1018,128,128,66,34900,1,0,8.0,12.0,4.7,1
1019,1019,128,128,59,32990,1,11,8.0,12.0,4.7,1
1020,1020,256,256,66,85400,1,0,12.0,12.0,5.5,1
1021,1021,64,64,59,28990,1,11,8.0,12.0,4.7,1
1022,1022,256,256,59,40990,1,0,8.0,12.0,4.7,1
1023,1023,256,256,61,129900,1,1,12.0,12.0,6.1,4
1024,1024,64,64,60,49999,1,5,12.0,12.0,5.4,4
1025,1025,256,256,57,81500,1,0,8.0,12.0,4.7,1
1026,1026,128,128,65,55999,1,10,8.0,12.0,4.7,1
1027,1027,128,128,61,61999,1,1,12.0,12.0,5.4,4
1028,1028,256,256,59,40990,1,11,8.0,12.0,4.7,1
1029,1029,512,512,61,89999,1,0,12.0,12.0,5.4,4
1030,1030,256,256,59,131900,1,10,12.0,12.0,6.5,4
1031,1031,64,64,64,44999,1,6,8.0,8.0,4.7,1
1032,1032,64,64,57,39900,1,0,8.0,12.0,4.7,1
1033,1033,512,512,61,102999,1,12,12.0,12.0,6.1,4
1034,1034,16,16,65,41999,1,4,8.0,12.0,4.7,1
1035,1035,256,256,59,131900,1,4,12.0,12.0,6.5,4
1036,1036,256,256,60,66999,1,11,12.0,12.0,6.1,4
1037,1037,32,32,66,29990,1,4,8.0,12.0,4.7,1
1038,1038,64,64,59,87099,1,4,12.0,12.0,5.8,4
1039,1039,128,128,60,54999,1,5,12.0,12.0,5.4,4
1040,1040,256,256,60,55999,1,11,12.0,12.0,5.4,4
1041,1041,256,256,61,129900,1,5,12.0,12.0,6.1,4
1042,1042,64,64,57,49900,1,0,12.0,12.0,5.5,1
1043,1043,512,512,62,158099,1,4,12.0,48.0,6.7,4
1044,1044,128,128,61,119900,1,5,12.0,12.0,6.1,4
1045,1045,128,128,65,55999,1,4,8.0,12.0,4.7,1
1046,1046,512,512,61,125999,1,6,12.0,12.0,6.1,4
1047,1047,128,128,58,52900,1,1,8.0,12.0,6.1,1
1048,1048,128,128,66,34900,1,0,8.0,12.0,4.7,1
1049,1049,256,256,60,55999,1,0,12.0,12.0,5.4,4
1050,1050,128,128,58,52900,1,0,8.0,12.0,6.1,1
1051,1051,128,128,61,61999,1,0,12.0,12.0,5.4,4
1052,1052,256,256,58,103900,1,6,12.0,12.0,5.8,1
1053,1053,256,256,61,46599,1,0,8.0,12.0,4.7,1
1054,1054,128,128,60,57999,1,11,12.0,12.0,6.1,4
1055,1055,128,128,59,32990,1,0,8.0,12.0,4.7,1
1056,1056,256,256,60,55999,1,9,12.0,12.0,5.4,4
1057,1057,64,64,58,47900,1,1,8.0,12.0,6.1,1
1058,1058,256,256,59,101999,1,5,12.0,12.0,6.5,4
1059,1059,256,256,66,85400,1,4,12.0,12.0,5.5,1
1060,1060,64,64,59,28990,1,0,8.0,12.0,4.7,1
1061,1061,32,32,63,53500,1,11,8.0,8.0,6.5,3
1062,1062,128,128,60,54999,1,0,12.0,12.0,5.4,4
1063,1063,128,128,60,54999,1,11,12.0,12.0,5.4,4
1064,1064,8,8,63,14999,1,1,8.0,8.0,6.5,3
1065,1065,8,8,63,14999,1,11,8.0,8.0,6.5,3
1066,1066,256,256,57,84900,1,0,12.0,12.0,5.5,1
1067,1067,256,256,56,74400,1,10,8.0,12.0,4.7,1
1068,1068,128,128,66,42900,1,4,12.0,12.0,5.488,1
1069,1069,32,32,66,37900,1,0,12.0,12.0,5.488,1
1070,1070,128,128,66,34900,1,4,8.0,12.0,4.7,1
1071,1071,128,128,61,61999,1,0,12.0,12.0,5.4,4
1072,1072,64,64,64,48999,1,10,8.0,8.0,5.5,1
1073,1073,128,128,61,37999,1,0,8.0,12.0,4.7,1
1074,1074,8,8,0,22900,1,0,8.0,5.0,3.5,1
1075,1075,64,64,57,39900,1,6,8.0,12.0,4.7,1
1076,1076,256,256,60,88199,1,6,12.0,12.0,6.1,4
1077,1077,512,512,59,150800,1,6,12.0,12.0,6.5,4
1078,1078,512,512,60,106699,1,1,12.0,12.0,6.1,4
1079,1079,64,64,58,109900,1,4,12.0,12.0,6.5,1
1080,1080,256,256,56,74400,1,4,8.0,12.0,4.7,1
1081,1081,64,64,60,49999,1,0,12.0,12.0,5.4,4
1082,1082,256,256,58,103900,1,10,12.0,12.0,5.8,1
1083,1083,128,128,60,54999,1,0,12.0,12.0,5.4,4
1084,1084,128,128,61,61999,1,0,12.0,12.0,5.4,4
1085,1085,256,256,59,101999,1,5,12.0,12.0,6.5,4
1086,1086,64,64,64,48999,1,10,8.0,8.0,5.5,1
1087,1087,256,256,57,84900,1,0,12.0,12.0,5.5,1
1088,1088,64,64,57,39900,1,6,8.0,12.0,4.7,1
1089,1089,128,128,66,34900,1,4,8.0,12.0,4.7,1
1090,1090,128,128,61,37999,1,0,8.0,12.0,4.7,1
1091,1091,8,8,0,22900,1,0,8.0,5.0,3.5,1
1092,1092,1,1,62,178099,1,9,12.0,48.0,6.7,4
1093,1093,256,256,60,88199,1,6,12.0,12.0,6.1,4
1094,1094,512,512,59,150800,1,6,12.0,12.0,6.5,4
1095,1095,512,512,60,106699,1,1,12.0,12.0,6.1,4
1096,1096,64,64,58,109900,1,4,12.0,12.0,6.5,1
1097,1097,256,256,56,74400,1,4,8.0,12.0,4.7,1
1098,1098,512,512,58,134900,1,10,12.0,12.0,5.8,1
1099,1099,256,256,59,40990,1,11,8.0,12.0,4.7,1
1100,1100,128,128,61,129900,1,10,12.0,12.0,6.7,4
1101,1101,128,128,65,92000,1,6,8.0,12.0,5.5,1
1102,1102,256,256,56,85400,1,4,12.0,12.0,5.5,1
1103,1103,128,128,59,32990,1,0,8.0,12.0,4.7,1
1104,1104,128,128,66,34900,1,10,8.0,12.0,4.7,1
1105,1105,64,64,61,32699,1,0,8.0,12.0,4.7,1
1106,1106,128,128,65,82000,1,6,8.0,12.0,4.7,1
1107,1107,8,8,63,37500,1,12,8.0,8.0,6.5,3
1108,1108,256,256,56,74400,1,4,8.0,12.0,4.7,1
1109,1109,8,8,63,37500,1,0,8.0,8.0,6.5,3
1110,1110,128,128,58,52900,1,1,8.0,12.0,6.1,1
1111,1111,128,128,61,119900,1,1,12.0,12.0,6.1,4
1112,1112,32,32,66,37900,1,4,12.0,12.0,5.488,1
1113,1113,128,128,66,42900,1,4,12.0,12.0,5.488,1
1114,1114,128,128,65,70000,1,4,8.0,12.0,5.5,1
1115,1115,128,128,58,41699,1,0,8.0,12.0,6.1,1
1116,1116,64,64,58,89900,1,4,12.0,12.0,5.8,1
1117,1117,256,256,66,74400,1,0,8.0,12.0,4.7,1
1118,1118,128,128,61,37999,1,0,8.0,12.0,4.7,1
1119,1119,16,16,66,72000,1,6,8.0,12.0,5.5,1
1120,1120,64,64,59,106600,1,10,12.0,12.0,5.8,4
1121,1121,8,8,0,13999,1,11,8.0,5.0,3.5,1
1122,1122,128,128,61,129900,1,1,12.0,12.0,6.7,4
1123,1123,128,128,60,95599,1,4,12.0,12.0,6.7,4
1124,1124,256,256,59,121300,1,4,12.0,12.0,5.8,4
1125,1125,512,512,62,158099,1,9,12.0,48.0,6.7,4
1126,1126,64,64,58,47900,1,12,8.0,12.0,6.1,1
1127,1127,128,128,60,78899,1,6,12.0,12.0,6.1,4
1128,1128,512,512,60,123299,1,4,12.0,12.0,6.7,4
1129,1129,128,128,64,80500,1,6,8.0,8.0,5.5,1
1130,1130,64,64,64,71500,1,4,8.0,8.0,5.5,1
1131,1131,64,64,57,91900,1,10,12.0,12.0,5.8,1
1132,1132,128,128,58,41699,1,12,8.0,12.0,6.1,1
1133,1133,256,256,57,106900,1,10,12.0,12.0,5.8,1
1134,1134,256,256,57,106900,1,0,12.0,12.0,5.8,1
1135,1135,128,128,60,57999,1,0,12.0,12.0,6.1,4
1136,1136,64,64,59,42999,1,12,12.0,12.0,6.1,1
1137,1137,256,256,61,71999,1,0,12.0,12.0,5.4,4
1138,1138,128,128,60,54999,1,0,12.0,12.0,5.4,4
1139,1139,512,512,61,107999,1,12,12.0,12.0,6.7,4
1140,1140,256,256,60,88199,1,4,12.0,12.0,6.1,4
1141,1141,256,256,62,138099,1,10,12.0,48.0,6.7,4
1142,1142,256,256,56,85400,1,0,12.0,12.0,5.5,1
1143,1143,256,256,59,100699,1,10,12.0,12.0,5.8,4
1144,1144,256,256,58,91900,1,1,8.0,12.0,6.1,1
1145,1145,128,128,59,32990,1,0,8.0,12.0,4.7,1
1146,1146,256,256,58,91900,1,11,8.0,12.0,6.1,1
1147,1147,64,64,65,59999,1,4,8.0,12.0,5.5,1
1148,1148,256,256,60,66999,1,9,12.0,12.0,6.1,4
1149,1149,128,128,60,78899,1,10,12.0,12.0,6.1,4
1150,1150,128,128,59,32990,1,11,8.0,12.0,4.7,1
1151,1151,256,256,61,129900,1,10,12.0,12.0,6.1,4
1152,1152,256,256,59,131900,1,6,12.0,12.0,6.5,4
1153,1153,64,64,58,109900,1,10,12.0,12.0,6.5,1
1154,1154,16,16,65,49999,1,4,8.0,12.0,5.5,1
1155,1155,128,128,65,55999,1,4,8.0,12.0,4.7,1
1156,1156,256,256,57,81500,1,0,8.0,12.0,4.7,1
1157,1157,32,32,66,29990,1,4,8.0,12.0,4.7,1
1158,1158,256,256,60,55999,1,11,12.0,12.0,5.4,4
1159,1159,64,64,57,49900,1,0,12.0,12.0,5.5,1
1160,1160,128,128,65,55999,1,4,8.0,12.0,4.7,1
1161,1161,512,512,61,125999,1,6,12.0,12.0,6.1,4
1162,1162,128,128,58,52900,1,1,8.0,12.0,6.1,1
1163,1163,128,128,66,34900,1,0,8.0,12.0,4.7,1
1164,1164,1,1,62,178099,1,4,12.0,48.0,6.7,4
1165,1165,128,128,61,129900,1,6,12.0,12.0,6.7,4
1166,1166,64,64,64,62500,1,4,8.0,8.0,4.7,1
1167,1167,128,128,61,37999,1,0,8.0,12.0,4.7,1
1168,1168,256,256,61,129900,1,4,12.0,12.0,6.1,4
1169,1169,128,128,64,48999,1,10,8.0,8.0,5.5,1
1170,1170,64,64,59,28990,1,0,8.0,12.0,4.7,1
1171,1171,64,64,64,48999,1,10,8.0,8.0,5.5,1
1172,1172,128,128,61,37999,1,0,8.0,12.0,4.7,1
1173,1173,512,512,58,134900,1,10,12.0,12.0,5.8,1
1174,1174,128,128,65,92000,1,6,8.0,12.0,5.5,1
1175,1175,128,128,66,34900,1,10,8.0,12.0,4.7,1
1176,1176,256,256,56,85400,1,0,8.0,12.0,5.5,1
1177,1177,256,256,60,129900,1,10,12.0,12.0,6.7,4
1178,1178,512,512,60,123299,1,6,12.0,12.0,6.7,4
1179,1179,128,128,60,95599,1,10,12.0,12.0,6.7,4
1180,1180,256,256,56,74400,1,0,8.0,12.0,4.7,1
1181,1181,128,128,58,41699,1,0,8.0,12.0,6.1,1
1182,1182,128,128,58,41699,1,0,8.0,12.0,6.1,1
1183,1183,256,256,59,54900,1,0,8.0,12.0,4.7,1
1184,1184,16,16,65,62000,1,6,8.0,12.0,4.7,1
1185,1185,256,256,60,129900,1,6,12.0,12.0,6.7,4
1186,1186,128,128,60,78899,1,1,12.0,12.0,6.1,4
1187,1187,128,128,64,80500,1,4,8.0,8.0,5.5,1
1188,1188,128,128,64,80500,1,6,8.0,8.0,5.5,1
1189,1189,64,64,64,71500,1,4,8.0,8.0,5.5,1
1190,1190,64,64,57,91900,1,10,12.0,12.0,5.8,1
1191,1191,128,128,58,41699,1,12,8.0,12.0,6.1,1
1192,1192,256,256,57,106900,1,0,12.0,12.0,5.8,1
1193,1193,512,512,60,123299,1,1,12.0,12.0,6.7,4
1194,1194,256,256,57,106900,1,10,12.0,12.0,5.8,1
1195,1195,64,64,57,91900,1,0,12.0,12.0,5.8,1
1196,1196,128,128,60,57999,1,1,12.0,12.0,6.1,4
1197,1197,6,128,36,31999,2,6,12.0,12.2,6.14,2
1198,1198,6,128,36,31999,2,0,12.0,12.2,6.14,2
1199,1199,8,128,33,56999,2,0,12.0,50.0,6.3,2
1200,1200,8,128,33,56999,2,0,12.0,50.0,6.3,2
1201,1201,8,128,33,56999,2,0,12.0,50.0,6.3,2
1202,1202,12,128,47,80999,2,0,48.0,50.0,6.7,2
1203,1203,12,128,47,80999,2,0,48.0,50.0,6.7,2
1204,1204,12,128,47,80999,2,0,48.0,50.0,6.7,2
1205,1205,4,128,3,80000,2,0,8.0,12.2,5.5,2
1206,1206,8,128,49,21975,7,1,8.0,64.0,6.59,1
1207,1207,6,128,49,19717,7,1,8.0,64.0,6.59,1
1208,1208,6,128,49,19417,7,0,8.0,64.0,6.59,1
1209,1209,8,128,49,21847,7,0,8.0,64.0,6.59,1
1210,1210,8,128,37,28990,7,0,8.0,50.0,6.7,1
1211,1211,12,256,37,33990,7,0,8.0,50.0,6.7,1
1212,1212,8,128,49,32341,7,5,8.0,50.0,6.7,1
1213,1213,12,256,49,36929,7,5,8.0,50.0,6.7,1
1214,1214,8,128,49,39998,7,10,8.0,50.0,6.7,1
1215,1215,8,128,37,28899,7,0,8.0,50.0,6.7,1
1216,1216,16,256,49,61599,7,0,8.0,50.0,6.7,1
1217,1217,16,256,49,61879,7,5,8.0,50.0,6.7,1
1218,1218,8,128,49,39990,7,0,8.0,50.0,6.7,1
1219,1219,16,256,49,44799,7,10,8.0,50.0,6.7,1
1220,1220,8,128,37,37950,7,0,8.0,48.0,6.55,1
1221,1221,8,128,49,31980,7,0,8.0,50.0,6.7,1
1222,1222,12,256,37,33979,7,0,8.0,50.0,6.7,1
1223,1223,8,128,43,47990,7,0,8.0,50.0,6.7,1
1224,1224,12,256,49,36999,7,0,8.0,50.0,6.7,1
1225,1225,12,256,43,54999,7,0,8.0,50.0,6.7,1
1226,1226,8,128,49,56999,7,5,8.0,50.0,6.7,1
1227,1227,8,128,49,55540,7,0,8.0,50.0,6.7,1
1228,1228,12,256,37,45999,7,0,8.0,48.0,6.62,1
1229,1229,8,128,43,47999,7,5,8.0,50.0,6.7,1
1230,1230,8,128,49,49999,7,0,8.0,48.0,6.7,1
1231,1231,12,256,37,36956,7,0,8.0,50.0,6.7,1
1232,1232,12,256,49,36979,7,5,8.0,50.0,6.7,1
1233,1233,16,256,43,53947,7,0,8.0,50.0,6.7,1
1234,1234,12,256,49,61990,7,0,8.0,48.0,6.7,1
1235,1235,12,256,49,60998,7,0,8.0,48.0,6.7,1
1236,1236,12,256,37,45999,7,0,8.0,48.0,6.55,1
1237,1237,8,128,37,42999,7,0,8.0,48.0,6.55,1
1238,1238,8,128,49,49999,7,0,8.0,48.0,6.7,1
1239,1239,12,256,43,54780,7,5,8.0,50.0,6.7,1
1240,1240,12,256,37,69980,7,5,8.0,48.0,6.7,1
1241,1241,12,256,37,46989,7,0,8.0,48.0,6.55,1
1242,1242,8,128,37,54999,7,0,8.0,48.0,6.7,1
1243,1243,8,128,37,42999,7,0,8.0,50.0,6.62,1
1244,1244,8,128,37,28999,7,0,8.0,50.0,6.7,1
1245,1245,8,128,37,29999,7,0,8.0,50.0,6.43,1
1246,1246,8,128,37,24990,7,0,8.0,64.0,6.43,1
1247,1247,12,256,37,49999,7,0,8.0,48.0,6.7,1
1248,1248,8,128,37,39599,7,10,8.0,50.0,6.62,1
1249,1249,8,256,27,45999,7,1,8.0,48.0,6.67,2
1250,1250,16,256,49,44500,7,0,8.0,50.0,6.7,1
1251,1251,8,128,0,34999,7,1,8.0,5000.0,6.7,1
1252,1252,12,256,37,26999,7,10,8.0,64.0,6.43,1
1253,1253,12,256,37,27900,7,1,8.0,64.0,6.43,1
1254,1254,6,128,37,23990,7,1,8.0,64.0,6.43,1
1255,1255,8,128,37,49999,7,5,8.0,48.0,6.7,1
1256,1256,8,128,37,33990,7,1,8.0,48.0,6.55,1
1257,1257,12,256,37,35999,7,10,8.0,48.0,6.55,1
1258,1258,8,256,18,38999,7,10,8.0,48.0,6.55,1
1259,1259,12,256,37,36490,7,0,8.0,50.0,6.43,1
1260,1260,8,128,37,49499,7,0,8.0,48.0,6.7,1
1261,1261,8,128,37,37190,7,0,8.0,48.0,6.55,1
1262,1262,12,256,37,33999,7,5,8.0,50.0,6.43,1
1263,1263,12,256,37,33997,7,0,8.0,50.0,6.43,1
1264,1264,8,128,37,29738,7,1,8.0,50.0,6.43,1
1265,1265,6,128,37,23990,7,0,8.0,50.0,6.43,1
1266,1266,8,128,18,37499,7,1,8.0,48.0,6.55,1
1267,1267,8,128,37,33829,7,10,8.0,48.0,6.55,1
1268,1268,8,128,37,24990,7,1,8.0,64.0,6.43,1
1269,1269,8,128,37,24995,7,0,8.0,64.0,6.43,1
1270,1270,8,128,37,24797,7,1,8.0,64.0,6.43,1
1271,1271,6,128,37,19999,7,0,8.0,64.0,6.43,1
1272,1272,8,128,37,48990,7,5,8.0,48.0,6.7,1
1273,1273,12,256,37,50999,7,5,8.0,48.0,6.55,1
1274,1274,8,256,37,48999,7,10,8.0,48.0,6.62,1
1275,1275,8,256,37,48999,7,0,8.0,50.0,6.62,1
1276,1276,8,128,16,31999,7,0,16.0,16.0,6.41,1
1277,1277,8,128,37,48999,7,0,8.0,48.0,6.7,1
1278,1278,8,128,37,24989,7,0,8.0,50.0,6.43,1
1279,1279,6,128,37,23900,7,1,8.0,64.0,6.43,1
1280,1280,8,128,37,25989,7,0,8.0,50.0,6.43,1
1281,1281,8,256,18,28980,7,1,8.0,48.0,6.55,1
1282,1282,8,128,18,30999,7,10,8.0,48.0,6.55,1
1283,1283,6,128,37,23900,7,1,8.0,64.0,6.43,1
1284,1284,8,128,38,54999,7,5,8.0,48.0,6.78,2
1285,1285,12,256,37,42500,7,0,8.0,50.0,6.62,1
1286,1286,8,128,18,31999,7,0,8.0,16.0,6.55,1
1287,1287,6,128,34,41999,7,5,16.0,48.0,6.55,1
1288,1288,12,256,34,39999,7,5,2.0,48.0,6.55,1
1289,1289,12,256,34,34999,7,0,2.0,48.0,6.55,1
1290,1290,8,128,34,44999,7,0,2.0,48.0,6.55,1
1291,1291,8,128,37,37500,7,0,8.0,50.0,6.62,1
1292,1292,8,128,34,34999,7,5,2.0,48.0,6.55,1
1293,1293,8,256,16,36490,7,6,16.0,48.0,6.41,1
1294,1294,6,128,16,32980,7,6,16.0,48.0,6.41,1
1295,1295,6,128,16,30999,7,0,16.0,16.0,6.41,1
1296,1296,6,128,16,30999,7,1,16.0,48.0,6.41,1
1297,1297,12,128,37,30999,7,1,8.0,64.0,6.43,1
1298,1298,8,128,37,24899,7,1,8.0,64.0,6.43,1
1299,1299,12,256,38,59990,7,5,8.0,48.0,6.78,2
1300,1300,12,256,29,29999,7,0,8.0,48.0,6.44,2
1301,1301,6,64,29,24999,7,0,8.0,48.0,6.44,2
1302,1302,6,64,29,24999,7,1,8.0,48.0,6.44,2
1303,1303,12,256,29,29999,7,1,8.0,48.0,6.44,2
1304,1304,8,128,29,27999,7,0,8.0,48.0,6.44,2
1305,1305,8,128,29,27999,7,1,8.0,48.0,6.44,2
1306,1306,12,256,34,49999,7,0,2.0,48.0,6.55,1
1307,1307,8,256,16,31990,7,0,16.0,48.0,6.41,1
1308,1308,6,128,19,42449,7,6,8.0,48.0,6.67,1
1309,1309,12,256,37,38999,7,2,8.0,48.0,6.55,1
1310,1310,8,128,37,33999,7,2,8.0,48.0,6.55,1
1311,1311,12,256,38,49990,7,0,8.0,48.0,6.78,2
1312,1312,8,128,38,45999,7,0,8.0,48.0,6.78,2
1313,1313,12,256,19,50348,7,1,8.0,48.0,6.67,1
1314,1314,8,256,19,44744,7,0,8.0,48.0,6.67,1
1315,1315,8,256,19,42990,7,1,8.0,48.0,6.67,1
1316,1316,12,256,37,39990,7,1,8.0,48.0,6.55,1
1317,1317,8,256,19,39990,7,6,8.0,48.0,6.67,1
1318,1318,12,256,37,65166,7,0,8.0,48.0,6.7,1
1319,1319,4,64,55,9499,10,1,2.0,50.0,6.7,2
1320,1320,4,64,55,9499,10,0,2.0,50.0,6.7,2
1321,1321,4,64,55,9499,10,0,2.0,50.0,6.7,2
1322,1322,4,64,55,9499,10,7,2.0,50.0,6.7,2
1323,1323,4,64,55,9499,10,5,2.0,50.0,6.7,2
1324,1324,8,128,40,32999,11,1,8.0,50.0,6.5,0
1325,1325,8,128,40,32999,11,0,8.0,50.0,6.5,0
1326,1326,2,32,49,6269,10,0,8.0,5.0,6.52,1
1327,1327,6,128,49,15999,11,0,2.0,50.0,6.44,0
1328,1328,4,128,49,14499,11,0,2.0,50.0,6.44,0
1329,1329,4,128,49,14499,11,0,2.0,50.0,6.44,0
1330,1330,4,64,49,11999,11,1,2.0,50.0,6.58,2
1331,1331,4,64,49,11999,11,0,2.0,50.0,6.58,2
1332,1332,4,128,49,12999,11,0,2.0,50.0,6.58,2
1333,1333,6,128,49,15999,11,0,2.0,50.0,6.44,0
1334,1334,6,128,49,14999,11,0,2.0,50.0,6.58,2
1335,1335,4,128,49,12999,11,1,2.0,50.0,6.58,2
1336,1336,6,128,49,14999,11,1,2.0,50.0,6.58,2
1337,1337,3,64,49,9499,8,1,8.0,8.0,6.56,2
1338,1338,3,64,49,9499,8,4,8.0,8.0,6.56,2
1339,1339,6,128,55,11999,10,0,2.0,50.0,6.7,2
1340,1340,2,32,49,6319,10,1,8.0,5.0,6.52,1
1341,1341,2,32,49,6280,10,5,8.0,5.0,6.52,1
1342,1342,4,64,49,8822,10,1,8.0,13.0,6.53,1
1343,1343,4,64,49,12499,8,7,0.3,50.0,6.56,2
1344,1344,4,64,49,12499,8,0,0.3,50.0,6.56,2
1345,1345,6,128,49,24999,10,9,8.0,50.0,6.67,1
1346,1346,3,64,49,9499,8,1,8.0,8.0,6.56,2
1347,1347,6,128,55,11999,10,5,2.0,50.0,6.7,2
1348,1348,8,128,49,17999,11,0,2.0,50.0,6.44,0
1349,1349,8,128,49,17999,11,0,2.0,50.0,6.44,0
1350,1350,8,256,49,27999,10,1,8.0,50.0,6.67,1
1351,1351,8,128,37,20999,8,7,8.0,64.0,6.43,1
1352,1352,6,128,49,24999,10,1,8.0,50.0,6.67,1
1353,1353,3,32,49,8487,10,0,8.0,13.0,6.53,1
1354,1354,6,128,49,24999,10,0,8.0,50.0,6.67,1
1355,1355,8,256,49,27999,10,0,8.0,50.0,6.67,1
1356,1356,8,256,48,29999,10,1,8.0,200.0,6.67,2
1357,1357,8,256,49,27999,10,9,8.0,50.0,6.67,1
1358,1358,6,128,55,11999,10,1,2.0,50.0,6.7,2
1359,1359,3,32,49,9499,11,5,2.0,13.0,6.51,2
1360,1360,12,256,48,32999,10,0,8.0,200.0,6.67,2
1361,1361,3,32,49,8999,11,6,8.0,8.0,6.51,2
1362,1362,6,64,49,12999,10,11,8.0,64.0,6.43,0
1363,1363,6,128,49,15990,8,4,2.0,48.0,6.43,2
1364,1364,3,32,49,8999,11,1,8.0,8.0,6.51,2
1365,1365,6,64,49,12898,10,1,8.0,50.0,6.43,1
1366,1366,8,128,49,17490,10,11,8.0,108.0,6.43,1
1367,1367,6,64,49,12898,10,1,8.0,50.0,6.43,1
1368,1368,3,32,49,9499,11,5,2.0,13.0,6.51,2
1369,1369,6,64,49,13899,10,0,8.0,50.0,6.43,1
1370,1370,12,256,48,32999,10,0,8.0,200.0,6.67,2
1371,1371,3,32,49,8999,11,6,8.0,8.0,6.51,2
1372,1372,6,64,49,12999,10,11,8.0,64.0,6.43,0
1373,1373,6,128,49,15990,8,4,2.0,48.0,6.43,2
1374,1374,4,64,49,12599,8,1,0.3,50.0,6.56,2
1375,1375,3,32,49,8999,11,1,8.0,8.0,6.51,2
1376,1376,6,128,49,15469,10,0,8.0,50.0,6.43,1
1377,1377,8,128,49,17490,10,11,8.0,108.0,6.43,1
1378,1378,6,64,49,13989,10,1,8.0,108.0,6.43,1
1379,1379,6,64,49,13618,10,11,8.0,108.0,6.43,1
1380,1380,8,128,37,21999,8,0,8.0,64.0,6.43,1
1381,1381,4,64,49,11999,10,0,8.0,50.0,6.43,1
1382,1382,6,128,49,15630,10,0,8.0,108.0,6.43,1
1383,1383,8,128,49,18499,11,0,2.0,50.0,6.58,2
1384,1384,8,128,43,29999,8,0,2.0,108.0,6.7,2
1385,1385,8,128,43,29999,8,4,2.0,108.0,6.7,2
1386,1386,8,128,49,18990,11,0,2.0,50.0,6.58,2
1387,1387,8,128,49,18499,11,4,2.0,50.0,6.58,2
1388,1388,4,64,49,14499,11,5,2.0,50.0,6.55,2
1389,1389,4,64,49,14499,11,1,2.0,50.0,6.55,2
1390,1390,4,64,49,12499,11,0,2.0,13.0,6.51,2
1391,1391,6,128,49,16445,10,5,8.0,5.0,6.58,1
1392,1392,8,128,49,17999,8,7,2.0,50.0,6.56,2
1393,1393,4,64,49,13624,10,10,8.0,5.0,6.58,1
1394,1394,6,128,49,16499,11,5,2.0,50.0,6.55,2
1395,1395,4,64,55,11990,10,0,8.0,50.0,6.5,1
1396,1396,6,128,49,14990,8,1,2.0,48.0,6.43,2
1397,1397,3,64,49,10999,11,0,2.0,13.0,6.51,2
1398,1398,3,32,49,9999,11,0,2.0,13.0,6.51,2
1399,1399,3,64,49,10928,11,4,2.0,13.0,6.51,2
1400,1400,6,128,49,16499,11,1,2.0,50.0,6.55,2
1401,1401,6,128,49,10746,10,1,8.0,13.0,6.53,1
1402,1402,8,128,41,24999,11,0,8.0,64.0,6.44,0
1403,1403,6,128,41,23999,11,0,8.0,64.0,6.44,0
1404,1404,6,128,49,15590,10,1,8.0,108.0,6.43,1
1405,1405,4,64,55,11890,10,11,8.0,50.0,6.5,1
1406,1406,6,128,49,14990,8,0,2.0,48.0,6.43,2
1407,1407,8,128,41,24999,11,0,8.0,64.0,6.44,0
1408,1408,4,64,49,12499,11,4,2.0,13.0,6.51,2
1409,1409,8,128,49,18900,10,1,8.0,108.0,6.43,1
1410,1410,8,128,49,17999,8,0,2.0,50.0,6.56,2
1411,1411,4,64,49,7699,10,5,8.0,13.0,6.53,2
1412,1412,8,128,49,16499,10,0,8.0,64.0,6.43,0
1413,1413,8,128,26,19990,11,0,8.0,50.0,6.44,0
1414,1414,8,128,49,19999,11,0,2.0,50.0,6.58,2
1415,1415,2,32,49,7499,10,1,8.0,8.0,6.52,2
1416,1416,8,128,37,29999,8,0,8.0,50.0,6.43,1
1417,1417,8,128,37,29999,8,4,8.0,50.0,6.43,1
1418,1418,6,128,49,11499,10,5,2.0,13.0,6.53,2
1419,1419,4,128,49,14499,11,0,2.0,50.0,6.44,0
1420,1420,4,64,49,8349,10,0,8.0,13.0,6.53,1
1421,1421,3,32,49,7999,10,1,8.0,13.0,6.53,1
1422,1422,3,32,49,7474,10,6,8.0,13.0,6.53,1
1423,1423,4,64,49,8690,10,1,8.0,13.0,6.53,1
1424,1424,4,64,49,12350,10,11,8.0,50.0,6.43,1
1425,1425,6,64,49,12365,10,11,8.0,50.0,6.43,1
1426,1426,6,128,49,14999,10,0,8.0,50.0,6.43,1
1427,1427,6,128,49,14850,10,11,8.0,50.0,6.43,1
1428,1428,6,64,49,12842,10,0,8.0,50.0,6.43,1
1429,1429,3,32,49,9499,11,1,2.0,13.0,6.51,2
1430,1430,4,64,49,11722,10,0,8.0,50.0,6.43,1
1431,1431,12,256,40,36999,11,1,8.0,50.0,6.5,0
1432,1432,8,128,49,16250,10,0,8.0,50.0,6.43,1
1433,1433,8,128,49,15700,10,1,8.0,108.0,6.43,1
1434,1434,6,128,49,10293,10,6,8.0,13.0,6.53,1
1435,1435,4,64,49,12170,10,1,8.0,50.0,6.43,1
1436,1436,4,64,49,12999,10,5,8.0,5.0,6.58,1
1437,1437,6,128,49,16990,8,0,2.0,48.0,6.43,2
1438,1438,4,64,49,13290,10,10,8.0,5.0,6.58,1
1439,1439,6,128,49,10659,10,6,8.0,13.0,6.53,1
1440,1440,12,256,48,32999,10,1,8.0,200.0,6.67,2
1441,1441,8,128,49,17990,11,0,2.0,50.0,6.58,2
1442,1442,8,128,35,17990,8,0,8.0,48.0,6.43,2
1443,1443,2,32,49,7499,10,0,8.0,8.0,6.52,2
1444,1444,8,256,48,29999,10,0,8.0,200.0,6.67,2
1445,1445,8,128,49,18860,8,0,8.0,50.0,6.56,1
1446,1446,8,128,40,37999,11,1,8.0,50.0,6.78,2
1447,1447,8,128,49,19999,11,7,2.0,50.0,6.58,2
1448,1448,8,128,49,19943,11,7,2.0,50.0,6.58,2
1449,1449,6,128,49,14999,10,5,2.0,48.0,6.56,2
1450,1450,3,32,49,8499,10,1,8.0,8.0,6.52,2
1451,1451,4,64,49,13989,11,0,2.0,13.0,6.51,2
1452,1452,4,64,49,9200,10,2,2.0,13.0,6.53,2
1453,1453,2,32,49,7999,11,1,8.0,8.0,6.51,2
1454,1454,4,64,49,11260,10,5,8.0,50.0,6.58,1
1455,1455,4,128,49,17993,10,1,8.0,48.0,6.67,1
1456,1456,12,256,40,42999,11,0,8.0,50.0,6.78,2
1457,1457,3,32,49,8499,10,5,8.0,8.0,6.52,2
1458,1458,12,256,40,42999,11,1,8.0,50.0,6.78,2
1459,1459,4,64,49,13999,8,4,2.0,13.0,6.56,2
1460,1460,4,64,49,13489,11,0,8.0,13.0,6.51,1
1461,1461,4,64,49,9350,10,9,8.0,13.0,6.53,1
1462,1462,8,128,49,19990,11,0,2.0,50.0,6.58,2
1463,1463,6,128,49,17870,8,9,2.0,48.0,6.49,1
1464,1464,8,256,40,39999,11,1,8.0,50.0,6.78,2
1465,1465,8,256,40,39999,11,0,8.0,50.0,6.78,2
1466,1466,8,128,49,18740,8,1,8.0,13.0,6.56,1
1467,1467,8,128,49,18914,8,0,8.0,13.0,6.56,1
1468,1468,4,64,49,12198,8,1,0.3,50.0,6.56,2
1469,1469,8,128,37,24634,8,4,64.0,64.0,6.43,0
1470,1470,8,128,49,16499,10,11,8.0,64.0,6.43,0
1471,1471,8,128,49,25999,8,1,2.0,48.0,6.56,2
1472,1472,6,128,51,14999,10,0,8.0,48.0,6.53,2
1473,1473,4,64,49,15499,8,1,2.0,50.0,6.56,2
1474,1474,8,128,19,27990,11,0,8.0,64.0,6.44,2
1475,1475,2,32,49,8190,11,1,8.0,8.0,6.51,2
1476,1476,6,128,49,13890,10,9,8.0,50.0,6.58,1
1477,1477,3,32,49,8499,10,0,8.0,8.0,6.52,2
1478,1478,3,32,31,9990,8,11,8.0,13.0,6.52,2
1479,1479,8,128,40,37999,11,0,8.0,50.0,6.78,2
1480,1480,4,128,49,15990,11,0,2.0,50.0,6.58,2
1481,1481,6,128,49,13990,8,0,2.0,50.0,6.59,2
1482,1482,6,128,49,13990,8,1,2.0,50.0,6.59,2
1483,1483,8,128,37,24999,8,0,2.0,64.0,6.43,0
1484,1484,6,128,49,18990,10,1,8.0,50.0,6.6,1
1485,1485,8,128,49,18990,11,0,2.0,50.0,6.58,2
1486,1486,4,64,49,11179,10,0,8.0,50.0,6.58,1
1487,1487,4,128,49,15499,11,8,2.0,50.0,6.58,2
1488,1488,2,32,49,7999,11,0,8.0,8.0,6.51,2
1489,1489,8,128,49,26999,10,9,8.0,50.0,6.67,1
1490,1490,6,128,49,13949,10,0,8.0,50.0,6.58,1
1491,1491,3,32,31,9990,8,0,8.0,13.0,6.52,2
1492,1492,3,32,31,9990,8,1,2.0,13.0,6.22,2
1493,1493,8,128,49,19990,11,0,2.0,50.0,6.58,2
1494,1494,6,128,49,20498,10,0,8.0,48.0,6.67,1
1495,1495,6,128,49,20379,10,5,8.0,48.0,6.67,1
1496,1496,4,64,49,13999,8,0,2.0,13.0,6.56,2
1497,1497,6,64,49,11999,10,11,8.0,64.0,6.43,2
1498,1498,4,64,49,11207,10,9,8.0,50.0,6.58,1
1499,1499,4,128,49,15999,8,7,2.0,50.0,6.56,2
1500,1500,4,128,49,15999,8,1,2.0,50.0,6.56,2
1501,1501,6,128,49,20522,10,1,8.0,48.0,6.67,1
1502,1502,6,128,51,14999,10,6,8.0,48.0,6.53,2
1503,1503,4,64,49,13989,11,1,2.0,13.0,6.51,2
1504,1504,4,128,49,13999,8,1,2.0,50.0,6.51,2
1505,1505,4,128,49,13999,8,5,2.0,50.0,6.51,2
1506,1506,4,128,49,15499,11,1,2.0,50.0,6.58,2
1507,1507,4,64,49,13999,8,5,2.0,13.0,6.56,2
1508,1508,4,64,49,13960,8,5,8.0,13.0,6.56,1
1509,1509,8,128,49,19990,11,0,2.0,50.0,6.58,2
1510,1510,4,64,49,11158,10,9,8.0,50.0,6.58,1
1511,1511,4,64,49,13272,11,0,2.0,13.0,6.51,2
1512,1512,3,32,49,9499,11,5,2.0,13.0,6.51,2
1513,1513,12,256,48,32999,10,11,8.0,200.0,6.67,2
1514,1514,4,64,49,11088,10,0,8.0,50.0,6.58,1
1515,1515,4,64,31,10990,8,1,2.0,13.0,6.22,2
1516,1516,4,128,49,18348,10,5,8.0,48.0,6.67,1
1517,1517,6,128,52,24990,10,0,8.0,64.0,6.6,1
1518,1518,6,128,55,14999,10,11,8.0,50.0,6.5,1
1519,1519,4,64,49,9200,10,2,8.0,13.0,6.53,1
1520,1520,6,128,52,25199,10,10,8.0,64.0,6.6,1
1521,1521,6,128,49,11499,10,9,2.0,13.0,6.53,2
1522,1522,8,128,26,24999,11,4,8.0,50.0,6.44,0
1523,1523,6,128,51,17999,10,0,8.0,64.0,6.67,0
1524,1524,3,64,49,9580,8,4,8.0,8.0,6.56,1
1525,1525,6,128,49,11499,10,2,2.0,13.0,6.53,2
1526,1526,8,128,37,20950,8,0,2.0,64.0,6.43,2
1527,1527,12,256,41,79999,11,0,48.0,50.0,6.78,1
1528,1528,6,128,49,18090,8,0,2.0,48.0,6.49,1
1529,1529,6,128,55,14999,10,0,8.0,50.0,6.5,1
1530,1530,6,128,51,19499,10,0,8.0,108.0,6.67,2
1531,1531,6,128,49,18999,10,11,8.0,50.0,6.6,1
1532,1532,4,64,31,10990,8,10,2.0,13.0,6.22,2
1533,1533,6,128,49,15999,8,0,2.0,50.0,6.51,2
1534,1534,4,128,49,13999,8,0,2.0,50.0,6.51,2
1535,1535,4,64,49,13272,11,0,2.0,13.0,6.51,2
1536,1536,3,32,49,9499,11,5,2.0,13.0,6.51,2
1537,1537,12,256,48,32999,10,11,8.0,200.0,6.67,2
1538,1538,4,64,49,11088,10,0,8.0,50.0,6.58,1
1539,1539,4,64,31,10990,8,1,2.0,13.0,6.22,2
1540,1540,4,128,49,18348,10,5,8.0,48.0,6.67,1
1541,1541,6,128,52,24990,10,0,8.0,64.0,6.6,1
1542,1542,6,128,55,14999,10,11,8.0,50.0,6.5,1
1543,1543,4,64,49,9200,10,2,8.0,13.0,6.53,1
1544,1544,6,128,52,25199,10,10,8.0,64.0,6.6,1
1545,1545,6,128,49,11499,10,9,2.0,13.0,6.53,2
1546,1546,8,128,26,24999,11,4,8.0,50.0,6.44,0
1547,1547,6,128,51,17999,10,0,8.0,64.0,6.67,0
1548,1548,3,64,49,9580,8,4,8.0,8.0,6.56,1
1549,1549,6,128,49,11499,10,2,2.0,13.0,6.53,2
1550,1550,8,128,37,20950,8,0,2.0,64.0,6.43,2
1551,1551,12,256,41,79999,11,0,48.0,50.0,6.78,1
1552,1552,6,128,49,18090,8,0,2.0,48.0,6.49,1
1553,1553,6,128,55,14999,10,0,8.0,50.0,6.5,1
1554,1554,6,128,51,19499,10,0,8.0,108.0,6.67,2
1555,1555,6,128,49,18999,10,11,8.0,50.0,6.6,1
1556,1556,4,64,31,10990,8,10,2.0,13.0,6.22,2
1557,1557,6,128,49,15999,8,0,2.0,50.0,6.51,2
1558,1558,4,128,49,13999,8,0,2.0,50.0,6.51,2
1559,1559,8,128,37,21890,8,4,2.0,64.0,6.43,2
1560,1560,4,64,49,13489,11,0,2.0,13.0,6.51,2
1561,1561,4,128,37,15249,11,1,8.0,48.0,6.386,1
1562,1562,8,128,37,54999,11,0,12.0,50.0,6.78,2
1563,1563,6,128,49,16490,8,1,2.0,13.0,6.56,2
1564,1564,8,128,35,17990,8,10,8.0,48.0,6.43,2
1565,1565,4,64,49,8989,10,2,2.0,13.0,6.53,2
1566,1566,6,128,49,16990,11,0,2.0,50.0,6.58,2
1567,1567,4,64,49,8978,10,5,8.0,13.0,6.53,1
1568,1568,8,128,49,16999,8,0,2.0,48.0,6.56,2
1569,1569,4,64,49,13450,11,1,2.0,13.0,6.51,2
1570,1570,4,64,49,12895,11,1,2.0,13.0,6.51,2
1571,1571,6,128,49,14900,8,0,2.0,50.0,6.51,2
1572,1572,4,64,31,10990,8,11,8.0,13.0,6.52,2
1573,1573,8,256,19,28490,11,1,8.0,64.0,6.44,2
1574,1574,6,128,55,14999,10,1,8.0,50.0,6.5,1
1575,1575,4,128,49,15990,11,0,2.0,50.0,6.58,2
1576,1576,8,128,49,16990,8,0,2.0,50.0,6.59,2
1577,1577,4,64,49,13499,8,5,2.0,50.0,6.51,2
1578,1578,6,128,51,13985,10,11,8.0,48.0,6.67,1
1579,1579,4,64,49,12999,10,11,2.0,48.0,6.56,2
1580,1580,4,128,49,11250,10,2,8.0,13.0,6.53,1
1581,1581,8,128,19,19990,11,0,2.0,64.0,6.44,2
1582,1582,8,256,34,89999,8,9,8.0,50.0,6.8,2
1583,1583,8,128,34,38990,11,4,8.0,108.0,6.56,2
1584,1584,4,64,55,12450,10,1,8.0,8.0,6.5,1
1585,1585,6,128,52,26999,10,1,8.0,64.0,6.6,1
1586,1586,8,128,30,30989,11,0,8.0,64.0,6.44,2
1587,1587,8,128,37,27999,11,0,8.0,64.0,6.44,2
1588,1588,4,64,49,12990,8,0,8.0,13.0,6.52,2
1589,1589,4,64,49,7499,10,5,8.0,13.0,6.53,2
1590,1590,6,128,49,14999,10,11,2.0,48.0,6.56,2
1591,1591,6,128,49,16490,8,1,2.0,13.0,6.56,2
1592,1592,4,128,49,13998,8,0,2.0,50.0,6.51,2
1593,1593,3,32,31,9490,8,0,8.0,13.0,6.52,2
1594,1594,6,128,31,14100,8,0,2.0,12.0,6.5,2
1595,1595,3,32,31,9780,8,1,8.0,13.0,6.52,2
1596,1596,4,128,51,14819,10,0,8.0,48.0,6.53,2
1597,1597,6,128,49,13939,10,5,8.0,50.0,6.58,1
1598,1598,3,32,31,9490,8,0,8.0,13.0,6.52,2
1599,1599,4,64,51,12990,10,5,8.0,48.0,6.53,2
1600,1600,4,64,51,11999,10,0,8.0,48.0,6.53,2
1601,1601,6,64,49,11999,10,9,8.0,64.0,6.43,2
1602,1602,8,128,37,29900,11,1,8.0,64.0,6.44,2
1603,1603,8,128,19,21989,11,0,2.0,64.0,6.44,2
1604,1604,12,256,37,31999,11,1,8.0,64.0,6.44,2
1605,1605,4,64,49,11199,10,0,8.0,50.0,6.58,1
1606,1606,8,128,34,38990,11,0,8.0,108.0,6.56,2
1607,1607,6,128,49,15990,8,1,2.0,13.0,6.51,2
1608,1608,4,64,51,15999,10,11,8.0,48.0,6.67,1
1609,1609,8,128,49,17989,11,0,2.0,50.0,6.58,2
1610,1610,3,64,49,13990,11,5,2.0,13.0,6.51,2
1611,1611,6,128,51,19990,10,0,8.0,64.0,6.67,0
1612,1612,4,128,49,17990,10,0,8.0,48.0,6.67,1
1613,1613,4,64,49,13885,8,0,2.0,13.0,6.56,2
1614,1614,3,32,49,10490,8,0,2.0,13.0,6.5,2
1615,1615,8,128,49,21996,10,11,8.0,50.0,6.6,1
1616,1616,4,128,49,14380,8,1,2.0,13.0,6.51,2
1617,1617,4,64,49,14900,11,1,2.0,13.0,6.51,2
1618,1618,4,64,49,12999,10,5,2.0,48.0,6.56,2
1619,1619,8,128,19,28990,11,0,8.0,64.0,6.44,2
1620,1620,6,64,49,13690,10,0,8.0,64.0,6.43,0
1621,1621,6,128,49,16499,10,11,8.0,64.0,6.43,0
1622,1622,8,128,49,16749,11,4,2.0,50.0,6.58,1
1623,1623,12,256,37,34999,8,0,8.0,50.0,6.5,0
1624,1624,4,64,49,13989,8,5,2.0,13.0,6.56,2
1625,1625,8,128,37,27999,11,1,8.0,64.0,6.44,2
1626,1626,6,128,49,13840,10,5,8.0,50.0,6.58,1
1627,1627,4,64,49,15439,8,1,2.0,50.0,6.56,2
1628,1628,8,256,34,89999,8,0,8.0,50.0,6.8,2
1629,1629,6,128,49,16490,8,0,2.0,13.0,6.56,2
1630,1630,6,128,49,13250,8,0,2.0,13.0,6.51,2
1631,1631,8,256,37,25999,8,0,8.0,64.0,6.43,1
1632,1632,3,32,49,10490,8,0,2.0,13.0,6.5,2
1633,1633,6,128,51,17999,10,0,8.0,64.0,6.67,0
1634,1634,6,128,52,22890,10,10,8.0,64.0,6.6,1
1635,1635,6,128,49,15990,8,0,2.0,13.0,6.52,2
1636,1636,12,256,37,34999,8,0,8.0,50.0,6.5,0
1637,1637,12,256,37,34999,8,1,8.0,50.0,6.5,0
1638,1638,8,128,49,18489,10,11,8.0,50.0,6.6,1
1639,1639,3,64,49,13990,11,5,2.0,13.0,6.51,2
1640,1640,4,128,49,14379,8,1,2.0,13.0,6.51,2
1641,1641,8,128,37,19999,10,0,8.0,64.0,6.53,2
1642,1642,8,128,19,28990,11,0,8.0,64.0,6.44,2
1643,1643,6,128,49,16499,10,11,8.0,64.0,6.43,0
1644,1644,8,128,49,16749,11,4,2.0,50.0,6.58,1
1645,1645,6,128,49,13250,8,0,2.0,13.0,6.51,2
1646,1646,4,64,49,13989,8,5,2.0,13.0,6.56,2
1647,1647,4,64,15,11998,8,0,2.0,16.0,6.41,1
1648,1648,8,256,34,89999,8,0,8.0,50.0,6.8,2
1649,1649,4,64,49,15439,8,1,2.0,50.0,6.56,2
1650,1650,4,64,49,13885,8,0,2.0,13.0,6.56,2
1651,1651,8,128,37,25999,8,0,8.0,16.0,6.43,1
1652,1652,8,128,37,20990,8,0,2.0,64.0,6.43,2
1653,1653,8,128,45,35999,11,1,8.0,64.0,6.56,2
1654,1654,4,128,49,9299,10,5,8.0,13.0,6.53,2
1655,1655,4,64,49,12390,10,0,2.0,48.0,6.56,2
1656,1656,4,64,11,23990,11,8,5.0,16.0,6.3,2
1657,1657,8,256,35,22999,8,0,8.0,48.0,6.43,2
1658,1658,8,128,35,19490,8,9,8.0,48.0,6.43,2
1659,1659,8,256,35,22990,8,10,8.0,48.0,6.43,2
1660,1660,6,128,51,18999,10,11,8.0,48.0,6.53,2
1661,1661,4,128,51,13499,10,0,8.0,48.0,6.53,2
1662,1662,3,32,23,10990,11,9,2.0,13.0,6.22,2
1663,1663,12,256,37,61799,11,0,12.0,50.0,6.78,2
1664,1664,8,128,19,19999,11,8,8.0,64.0,6.44,2
1665,1665,4,64,49,15990,11,0,2.0,16.0,6.53,2
1666,1666,8,128,49,21990,8,0,8.0,48.0,6.52,1
1667,1667,8,128,49,21990,8,9,8.0,48.0,6.5,1
1668,1668,4,128,49,18990,8,9,8.0,48.0,6.5,1
1669,1669,4,128,49,18990,8,0,8.0,48.0,6.52,1
1670,1670,8,128,49,21990,8,5,8.0,48.0,6.5,1
1671,1671,4,128,49,18990,8,5,8.0,48.0,6.5,1
1672,1672,3,32,49,10590,11,1,8.0,13.0,6.51,1
1673,1673,6,128,20,18500,8,7,8.0,16.0,6.44,2
1674,1674,4,64,51,10499,10,0,8.0,13.0,6.53,2
1675,1675,4,64,49,12799,8,8,8.0,13.0,6.52,2
1676,1676,3,32,11,13990,11,0,8.0,13.0,6.1,2
1677,1677,3,32,23,10990,11,0,2.0,13.0,6.22,2
1678,1678,6,64,51,18999,10,0,8.0,64.0,6.67,2
1679,1679,3,64,49,15490,11,1,2.0,13.0,6.51,2
1680,1680,6,128,51,20989,10,0,8.0,108.0,6.67,2
1681,1681,4,128,49,9299,10,5,8.0,13.0,6.53,2
1682,1682,6,64,19,26990,11,0,5.0,12.0,6.53,2
1683,1683,4,64,49,16990,11,1,2.0,13.0,6.51,2
1684,1684,6,64,10,24990,8,0,8.0,16.0,6.5,2
1685,1685,3,16,4,13490,8,0,8.0,13.0,5.2,1
1686,1686,6,128,10,36990,11,0,5.0,12.0,6.28,2
1687,1687,8,128,19,18997,11,0,2.0,64.0,6.44,2
1688,1688,8,128,37,30990,11,10,8.0,48.0,6.44,2
1689,1689,8,128,37,19999,10,1,8.0,64.0,6.53,2
1690,1690,3,32,31,10990,8,0,2.0,13.0,6.52,2
1691,1691,6,128,51,19449,10,0,8.0,108.0,6.67,2
1692,1692,6,64,37,16999,10,1,8.0,64.0,6.53,2
1693,1693,3,32,4,14990,11,4,8.0,13.0,5.5,1
1694,1694,4,32,11,19990,11,0,2.0,16.0,6.3,2
1695,1695,3,64,49,10999,11,1,8.0,13.0,6.35,2
1696,1696,6,128,55,15880,10,0,8.0,48.0,6.53,2
1697,1697,8,128,49,18980,8,1,2.0,50.0,6.56,2
1698,1698,6,128,16,32990,11,1,5.0,48.0,6.39,2
1699,1699,8,128,16,34990,11,1,8.0,48.0,6.39,2
1700,1700,4,64,10,20990,8,4,8.0,13.0,5.5,1
1701,1701,6,128,49,15999,8,4,2.0,13.0,6.51,2
1702,1702,8,256,19,28950,11,0,8.0,64.0,6.44,2
1703,1703,4,64,55,11499,10,0,8.0,48.0,6.53,2
1704,1704,3,32,49,10590,11,1,8.0,13.0,6.51,1
1705,1705,4,64,49,15990,11,0,2.0,16.0,6.53,2
1706,1706,4,64,31,12000,8,11,8.0,13.0,6.52,1
1707,1707,4,64,31,11989,8,10,8.0,13.0,6.52,1
1708,1708,8,128,19,23889,11,0,8.0,64.0,6.44,2
1709,1709,3,32,23,10990,11,0,2.0,13.0,6.22,2
1710,1710,6,128,51,19999,10,0,8.0,108.0,6.67,2
1711,1711,6,128,49,13990,8,3,2.0,13.0,6.5,2
1712,1712,12,256,37,61999,11,0,12.0,50.0,6.78,2
1713,1713,6,128,51,19999,10,0,8.0,108.0,6.67,2
1714,1714,3,32,11,13990,11,0,8.0,13.0,6.1,2
1715,1715,6,64,51,18999,10,0,8.0,64.0,6.67,2
1716,1716,6,64,19,26990,11,0,5.0,12.0,6.53,2
1717,1717,6,128,20,18500,8,7,8.0,16.0,6.44,2
1718,1718,8,128,37,24980,8,0,8.0,64.0,6.43,1
1719,1719,8,128,34,34990,11,0,13.0,48.0,6.56,2
1720,1720,6,64,10,24990,8,0,8.0,16.0,6.5,2
1721,1721,3,16,4,13490,8,0,8.0,13.0,5.2,1
1722,1722,6,128,10,36990,11,0,5.0,12.0,6.28,2
1723,1723,8,128,37,30990,11,10,8.0,48.0,6.44,2
1724,1724,6,64,51,18999,10,4,8.0,64.0,6.67,2
1725,1725,8,128,37,19999,10,1,8.0,64.0,6.53,2
1726,1726,3,32,31,10990,8,0,2.0,13.0,6.52,2
1727,1727,6,64,37,20990,11,1,8.0,16.0,6.38,2
1728,1728,6,128,51,20999,10,11,8.0,64.0,6.67,2
1729,1729,8,128,37,24990,11,9,8.0,48.0,6.38,2
1730,1730,6,64,37,19990,11,9,8.0,48.0,6.38,2
1731,1731,4,64,19,30990,8,4,8.0,16.0,6.5,1
1732,1732,6,128,21,23990,8,9,5.0,48.0,6.53,1
1733,1733,4,128,21,21990,8,5,5.0,48.0,6.53,1
1734,1734,6,128,37,17999,10,11,8.0,64.0,6.53,2
1735,1735,6,64,37,16999,10,11,8.0,64.0,6.53,2
1736,1736,8,128,19,28990,8,11,8.0,48.0,6.5,1
1737,1737,6,256,19,19990,8,5,8.0,48.0,6.5,1
1738,1738,6,256,19,19990,8,11,8.0,48.0,6.5,1
1739,1739,8,128,22,32990,8,0,13.0,64.0,6.4,1
1740,1740,8,256,22,35990,8,0,13.0,64.0,6.4,1
1741,1741,4,64,23,18990,11,0,2.0,13.0,6.22,2
1742,1742,6,64,13,28990,11,0,5.0,12.0,6.41,2
1743,1743,8,128,28,32990,11,0,13.0,48.0,6.44,2
1744,1744,6,128,19,29990,8,0,5.0,48.0,6.5,2
1745,1745,4,128,19,20990,8,11,8.0,48.0,6.4,2
1746,1746,8,128,19,22990,8,0,8.0,48.0,6.4,2
1747,1747,4,128,19,20990,8,1,8.0,48.0,6.4,2
1748,1748,8,128,19,22990,8,1,8.0,48.0,6.4,2
1749,1749,4,128,19,20990,8,0,8.0,48.0,6.4,2
1750,1750,4,64,31,15990,8,0,2.0,13.0,6.2,2
1751,1751,2,32,31,12990,8,0,2.0,13.0,6.2,2
1752,1752,3,32,31,13990,8,1,2.0,13.0,6.2,2
1753,1753,2,32,31,12990,8,1,2.0,13.0,6.2,2
1754,1754,4,64,31,15990,8,5,2.0,13.0,6.2,2
1755,1755,8,128,19,22990,8,11,8.0,48.0,6.4,2
1756,1756,6,64,37,16999,10,0,8.0,64.0,6.53,2
1757,1757,4,64,49,15990,11,1,2.0,13.0,6.35,2
1758,1758,4,64,49,15990,11,0,2.0,13.0,6.35,2
1759,1759,6,128,55,13990,10,5,8.0,48.0,6.53,2
1760,1760,6,64,14,25990,8,0,2.0,16.0,6.3,1
1761,1761,6,64,49,17990,11,0,2.0,13.0,6.51,2
1762,1762,6,64,49,15999,10,0,8.0,108.0,6.43,1
1763,1763,4,64,51,14999,10,6,8.0,48.0,6.53,2
1764,1764,4,128,49,14499,11,0,2.0,50.0,6.44,0
1765,1765,6,128,49,15999,11,0,2.0,50.0,6.44,0
1766,1766,6,128,49,14699,10,11,8.0,50.0,6.43,1
1767,1767,3,32,49,9499,11,1,2.0,13.0,6.51,2
1768,1768,12,256,40,36999,11,0,8.0,50.0,6.5,0
1769,1769,12,256,40,36999,11,1,8.0,50.0,6.5,0
1770,1770,6,128,49,14990,8,10,2.0,48.0,6.43,2
1771,1771,4,64,49,7699,10,1,8.0,13.0,6.53,2
1772,1772,8,128,49,17999,11,0,2.0,50.0,6.44,0
1773,1773,8,256,19,30990,11,0,8.0,64.0,6.44,2
1774,1774,8,256,19,30990,11,1,8.0,64.0,6.44,2
